"years","L.ht","M.ht","S.ht","L.wt","M.wt","S.wt","L.bmi","M.bmi","S.bmi","L.head","M.head","S.head","L.sitht","M.sitht","S.sitht","L.leglen","M.leglen","S.leglen","L.waist","M.waist","S.waist","L.bfat","M.bfat","S.bfat","sex"
-0.326,NA,NA,NA,1.181,0.5845,0.17211,NA,NA,NA,1,21.559,0.05522,NA,NA,NA,NA,NA,NA,NA,NA,NA,NA,NA,NA,"1"
-0.307,NA,NA,NA,1.161,0.695,0.17035,NA,NA,NA,1,22.704,0.05363,NA,NA,NA,NA,NA,NA,NA,NA,NA,NA,NA,NA,"1"
-0.287,NA,NA,NA,1.14,0.8067,0.16859,NA,NA,NA,1,23.787,0.05212,NA,NA,NA,NA,NA,NA,NA,NA,NA,NA,NA,NA,"1"
-0.268,NA,NA,NA,1.12,0.9216,0.1668,NA,NA,NA,1,24.815,0.05069,NA,NA,NA,NA,NA,NA,NA,NA,NA,NA,NA,NA,"1"
-0.249,NA,NA,NA,1.099,1.0419,0.16497,NA,NA,NA,1,25.792,0.04932,NA,NA,NA,NA,NA,NA,NA,NA,NA,NA,NA,NA,"1"
-0.23,NA,NA,NA,1.078,1.1705,0.16309,NA,NA,NA,1,26.717,0.04802,NA,NA,NA,NA,NA,NA,NA,NA,NA,NA,NA,NA,"1"
-0.211,NA,NA,NA,1.055,1.3105,0.16114,NA,NA,NA,1,27.591,0.04677,NA,NA,NA,NA,NA,NA,NA,NA,NA,NA,NA,NA,"1"
-0.192,NA,NA,NA,1.032,1.4645,0.15911,NA,NA,NA,1,28.42,0.04557,NA,NA,NA,NA,NA,NA,NA,NA,NA,NA,NA,NA,"1"
-0.172,NA,NA,NA,1.008,1.6352,0.15701,NA,NA,NA,1,29.21,0.04443,NA,NA,NA,NA,NA,NA,NA,NA,NA,NA,NA,NA,"1"
-0.153,NA,NA,NA,0.983,1.8227,0.15484,NA,NA,NA,1,29.952,0.04335,NA,NA,NA,NA,NA,NA,NA,NA,NA,NA,NA,NA,"1"
-0.134,1,45.05,0.04139,0.957,2.0251,0.15261,0.22,9.465,0.10742,1,30.693,0.04227,NA,NA,NA,NA,NA,NA,NA,NA,NA,NA,NA,NA,"1"
-0.115,1,45.91,0.04107,0.931,2.2392,0.15035,0.132,10.172,0.10456,1,31.394,0.04126,NA,NA,NA,NA,NA,NA,NA,NA,NA,NA,NA,NA,"1"
-0.096,1,46.76,0.04075,0.904,2.4608,0.14806,0.055,10.801,0.10202,1,32.072,0.0403,NA,NA,NA,NA,NA,NA,NA,NA,NA,NA,NA,NA,"1"
-0.077,1,47.62,0.04042,0.877,2.686,0.14576,-0.014,11.376,0.09975,1,32.729,0.03939,NA,NA,NA,NA,NA,NA,NA,NA,NA,NA,NA,NA,"1"
-0.057,1,48.48,0.0401,0.85,2.9106,0.14348,-0.076,11.906,0.0977,1,33.37,0.03852,NA,NA,NA,NA,NA,NA,NA,NA,NA,NA,NA,NA,"1"
-0.038,1,49.34,0.03978,0.823,3.1307,0.14122,-0.133,12.397,0.09583,1,33.995,0.03769,NA,NA,NA,NA,NA,NA,NA,NA,NA,NA,NA,NA,"1"
-0.019,1,50.19,0.03945,0.796,3.3447,0.13902,-0.186,12.853,0.09413,1,34.606,0.03691,NA,NA,NA,NA,NA,NA,NA,NA,NA,NA,NA,NA,"1"
0,1,51.04,0.03913,0.77,3.554,0.13687,-0.233,13.281,0.09258,1,35.204,0.03616,1,34.382,0.04812,1,17.1,0.05504,NA,NA,NA,NA,NA,NA,"1"
0.083,1,54.7,0.03775,0.657,4.4908,0.12845,-0.398,14.953,0.08721,1,37.638,0.03336,1,36.02,0.04812,1,18.154,0.05504,NA,NA,NA,NA,NA,NA,"1"
0.167,1,58.09,0.03649,0.553,5.4296,0.1216,-0.512,16.137,0.08362,1,39.679,0.03118,1,37.633,0.04812,1,19.201,0.05504,NA,NA,NA,NA,NA,NA,"1"
0.25,1,61.07,0.03542,0.461,6.2628,0.11629,-0.589,16.844,0.0813,1,41.293,0.02949,1,39.19,0.04812,1,20.237,0.05504,NA,NA,NA,NA,NA,NA,"1"
0.333,1,63.59,0.03455,0.38,6.9654,0.11234,-0.641,17.258,0.07985,1,42.57,0.02822,1,40.661,0.04812,1,21.258,0.05504,NA,NA,NA,NA,NA,NA,"1"
0.417,1,65.71,0.0339,0.311,7.5538,0.10949,-0.676,17.51,0.07895,1,43.611,0.02727,1,42.031,0.04812,1,22.258,0.05504,NA,NA,NA,NA,NA,NA,"1"
0.5,1,67.49,0.03344,0.252,8.0538,0.10753,-0.698,17.666,0.07837,1,44.495,0.02657,1,43.291,0.04812,1,23.234,0.05504,NA,NA,NA,NA,NA,NA,"1"
0.583,1,69.04,0.03314,0.202,8.4876,0.10622,-0.711,17.758,0.07798,1,45.246,0.02607,1,44.432,0.04812,1,24.178,0.05504,NA,NA,NA,NA,NA,NA,"1"
0.667,1,70.45,0.03297,0.16,8.8722,0.10539,-0.718,17.798,0.07771,1,45.888,0.02572,1,45.461,0.04812,1,25.084,0.05504,NA,NA,NA,NA,NA,NA,"1"
0.75,1,71.78,0.03291,0.124,9.2194,0.10491,-0.72,17.797,0.07752,1,46.439,0.02548,1,46.378,0.04812,1,25.943,0.05504,NA,NA,NA,NA,NA,NA,"1"
0.833,1,73.07,0.03294,0.092,9.5371,0.10466,-0.72,17.763,0.0774,1,46.915,0.02534,1,47.22,0.04812,1,26.765,0.05504,NA,NA,NA,NA,NA,NA,"1"
0.917,1,74.32,0.03301,0.065,9.8308,0.10459,-0.718,17.709,0.07734,1,47.33,0.02525,1,47.961,0.04812,1,27.533,0.05504,NA,NA,NA,NA,NA,NA,"1"
1,1,75.51,0.03313,0.04,10.1041,0.10464,-0.717,17.644,0.07735,1,47.696,0.02522,1,48.642,0.04812,1,28.264,0.05504,NA,NA,NA,NA,NA,NA,"1"
1.083,1,76.65,0.03327,0.018,10.3595,0.10478,-0.716,17.572,0.07742,1,48.018,0.02523,1,49.252,0.04812,1,28.948,0.05504,NA,NA,NA,NA,NA,NA,"1"
1.167,1,77.74,0.03344,-0.002,10.599,0.10497,-0.716,17.492,0.07755,1,48.303,0.02526,1,49.8,0.04812,1,29.591,0.05504,NA,NA,NA,NA,NA,NA,"1"
1.25,1,78.79,0.03362,-0.02,10.8243,0.10521,-0.718,17.406,0.07772,1,48.567,0.02532,1,50.309,0.04812,1,30.208,0.05504,NA,NA,NA,NA,NA,NA,"1"
1.333,1,79.81,0.03381,-0.037,11.0381,0.10547,-0.721,17.316,0.07791,1,48.802,0.02539,1,50.77,0.04812,1,30.793,0.05504,NA,NA,NA,NA,NA,NA,"1"
1.417,1,80.79,0.03401,-0.053,11.2419,0.10576,-0.726,17.223,0.07811,1,49.022,0.02547,1,51.188,0.04812,1,31.351,0.05504,NA,NA,NA,NA,NA,NA,"1"
1.5,1,81.74,0.03422,-0.067,11.438,0.10606,-0.733,17.131,0.07829,1,49.227,0.02556,1,51.585,0.04812,1,31.896,0.05504,NA,NA,NA,NA,NA,NA,"1"
1.583,1,82.66,0.03444,-0.082,11.6261,0.10637,-0.742,17.04,0.07846,1,49.417,0.02566,1,51.957,0.04812,1,32.423,0.05504,NA,NA,NA,NA,NA,NA,"1"
1.667,1,83.54,0.03466,-0.095,11.8099,0.10669,-0.753,16.953,0.07859,1,49.596,0.02576,1,52.303,0.04812,1,32.933,0.05504,NA,NA,NA,NA,NA,NA,"1"
1.75,1,84.4,0.03489,-0.108,11.989,0.10702,-0.766,16.87,0.07869,1,49.764,0.02587,1,52.632,0.04812,1,33.432,0.05504,NA,NA,NA,NA,NA,NA,"1"
1.833,1,85.22,0.03512,-0.121,12.1651,0.10736,-0.781,16.793,0.07875,1,49.922,0.02598,1,52.927,0.04812,1,33.903,0.05504,NA,NA,NA,NA,NA,NA,"1"
1.917,1,86.02,0.03535,-0.134,12.3399,0.1077,-0.797,16.721,0.07878,1,50.072,0.02608,1,53.219,0.04812,1,34.373,0.05504,NA,NA,NA,NA,NA,NA,"1"
2,1,86.8,0.03559,-0.146,12.514,0.10805,-0.814,16.655,0.07879,1,50.217,0.02619,1,53.51,0.04812,1,34.842,0.05504,NA,NA,NA,NA,NA,NA,"1"
2.083,1,87.56,0.03582,-0.159,12.6891,0.1084,-0.832,16.595,0.07878,1,50.353,0.0263,1,53.802,0.04812,1,35.311,0.05504,NA,NA,NA,NA,NA,NA,"1"
2.167,1,88.31,0.03605,-0.171,12.8639,0.10877,-0.851,16.539,0.07876,1,50.482,0.02641,1,54.077,0.04812,1,35.764,0.05504,NA,NA,NA,NA,NA,NA,"1"
2.25,1,89.04,0.03628,-0.183,13.041,0.10914,-0.871,16.488,0.07871,1,50.605,0.02651,1,54.334,0.04812,1,36.201,0.05504,NA,NA,NA,NA,NA,NA,"1"
2.333,1,89.76,0.03651,-0.196,13.2191,0.10951,-0.891,16.441,0.07865,1,50.719,0.02662,1,54.591,0.04812,1,36.637,0.05504,NA,NA,NA,NA,NA,NA,"1"
2.417,1,90.49,0.03673,-0.209,13.3999,0.10989,-0.912,16.397,0.07858,1,50.829,0.02672,1,54.848,0.04812,1,37.073,0.05504,NA,NA,NA,NA,NA,NA,"1"
2.5,1,91.21,0.03695,-0.221,13.582,0.11028,-0.933,16.355,0.07849,1,50.938,0.02682,1,55.097,0.04812,1,37.498,0.05504,NA,NA,NA,NA,NA,NA,"1"
2.583,1,91.93,0.03716,-0.234,13.7661,0.11066,-0.954,16.315,0.07838,1,51.038,0.02691,1,55.338,0.04812,1,37.913,0.05504,NA,NA,NA,NA,NA,NA,"1"
2.667,1,92.65,0.03737,-0.247,13.9489,0.11105,-0.975,16.276,0.07827,1,51.133,0.027,1,55.575,0.04812,1,38.322,0.05504,NA,NA,NA,NA,NA,NA,"1"
2.75,1,93.36,0.03758,-0.259,14.133,0.11143,-0.996,16.239,0.07814,1,51.223,0.02709,1,55.809,0.04812,1,38.725,0.05504,NA,NA,NA,NA,NA,NA,"1"
2.833,1,94.05,0.03778,-0.272,14.3141,0.11181,-1.018,16.203,0.078,1,51.308,0.02717,1,56.04,0.04812,1,39.123,0.05504,NA,NA,NA,NA,NA,NA,"1"
2.917,1,94.74,0.03798,-0.284,14.4939,0.11218,-1.039,16.168,0.07786,1,51.389,0.02725,1,56.266,0.04812,1,39.516,0.05504,NA,NA,NA,NA,NA,NA,"1"
3,1,95.41,0.03818,-0.296,14.67,0.11254,-1.06,16.133,0.07772,1,51.471,0.02733,1,56.49,0.04812,1,39.904,0.05504,-1.305497,50.34406,0.056805,NA,NA,NA,"1"
3.083,1,96.06,0.03836,-0.308,14.8421,0.1129,-1.08,16.099,0.07758,1,51.546,0.02741,1,56.709,0.04812,1,40.286,0.05504,-1.314492,50.39761,0.057024,NA,NA,NA,"1"
3.167,1,96.7,0.03854,-0.32,15.0109,0.11325,-1.101,16.065,0.07744,1,51.618,0.02748,1,56.926,0.04812,1,40.665,0.05504,-1.323487,50.45116,0.057242,NA,NA,NA,"1"
3.25,1,97.32,0.03872,-0.331,15.175,0.11359,-1.121,16.031,0.07731,1,51.688,0.02756,1,57.139,0.04812,1,41.037,0.05504,-1.332482,50.5047,0.057461,NA,NA,NA,"1"
3.333,1,97.93,0.0389,-0.342,15.3351,0.11392,-1.141,15.997,0.0772,1,51.753,0.02762,1,57.346,0.04812,1,41.405,0.05504,-1.34148,50.55825,0.057679,NA,NA,NA,"1"
3.417,1,98.53,0.03906,-0.353,15.4909,0.11424,-1.161,15.963,0.0771,1,51.818,0.02769,1,57.549,0.04812,1,41.769,0.05504,-1.350482,50.61183,0.057898,NA,NA,NA,"1"
3.5,1,99.11,0.03923,-0.364,15.645,0.11457,-1.181,15.93,0.07701,1,51.881,0.02775,1,57.747,0.04812,1,42.127,0.05504,-1.359493,50.66545,0.058117,NA,NA,NA,"1"
3.583,1,99.69,0.03938,-0.374,15.7961,0.11488,-1.2,15.898,0.07694,1,51.941,0.02781,1,57.94,0.04812,1,42.481,0.05504,-1.368516,50.71913,0.058336,NA,NA,NA,"1"
3.667,1,100.25,0.03953,-0.385,15.9459,0.1152,-1.219,15.867,0.07688,1,52,0.02787,1,58.13,0.04812,1,42.833,0.05504,-1.377556,50.7729,0.058555,NA,NA,NA,"1"
3.75,1,100.81,0.03968,-0.395,16.096,0.11552,-1.237,15.836,0.07684,1,52.056,0.02793,1,58.315,0.04812,1,43.182,0.05504,-1.386619,50.8268,0.058775,NA,NA,NA,"1"
3.833,1,101.37,0.03982,-0.405,16.2451,0.11583,-1.256,15.807,0.07682,1,52.11,0.02798,1,58.498,0.04812,1,43.528,0.05504,-1.395709,50.88084,0.058995,NA,NA,NA,"1"
3.917,1,101.93,0.03995,-0.416,16.3969,0.11616,-1.273,15.779,0.07682,1,52.164,0.02804,1,58.676,0.04812,1,43.873,0.05504,-1.404832,50.93505,0.059216,NA,NA,NA,"1"
4,1,102.49,0.04008,-0.426,16.551,0.11649,-1.291,15.752,0.07684,1,52.215,0.02809,1,58.853,0.04812,1,44.216,0.05504,-1.413991,50.98945,0.059438,NA,NA,NA,"1"
4.083,1,103.06,0.04021,-0.437,16.7081,0.11682,-1.309,15.727,0.07687,1,52.266,0.02813,1,59.028,0.04812,1,44.558,0.05504,-1.423189,51.04404,0.05966,NA,NA,NA,"1"
4.167,1,103.64,0.04033,-0.448,16.8689,0.11717,-1.325,15.704,0.07692,1,52.315,0.02818,1,59.2,0.04812,1,44.898,0.05504,-1.432427,51.09884,0.059883,NA,NA,NA,"1"
4.25,1,104.22,0.04045,-0.459,17.033,0.11752,-1.342,15.682,0.077,1,52.362,0.02822,1,59.371,0.04812,1,45.238,0.05504,-1.441708,51.15385,0.060106,NA,NA,NA,"1"
4.333,1,104.8,0.04057,-0.471,17.2011,0.11788,-1.359,15.662,0.07709,1,52.409,0.02827,1,59.541,0.04812,1,45.576,0.05504,-1.451029,51.20905,0.060331,NA,NA,NA,"1"
4.417,1,105.4,0.04068,-0.482,17.3729,0.11826,-1.375,15.644,0.0772,1,52.455,0.02831,1,59.709,0.04812,1,45.915,0.05504,-1.460392,51.26445,0.060556,NA,NA,NA,"1"
4.5,1,106,0.04078,-0.494,17.548,0.11864,-1.391,15.626,0.07733,1,52.499,0.02835,1,59.877,0.04812,1,46.254,0.05504,-1.4698,51.32005,0.060782,NA,NA,NA,"1"
4.583,1,106.6,0.04089,-0.506,17.7253,0.11903,-1.407,15.61,0.07748,1,52.543,0.02839,1,60.045,0.04812,1,46.593,0.05504,-1.479255,51.37589,0.061008,NA,NA,NA,"1"
4.667,1,107.21,0.04098,-0.518,17.9043,0.11942,-1.422,15.595,0.07765,1,52.585,0.02842,1,60.212,0.04812,1,46.932,0.05504,-1.488765,51.43199,0.061235,NA,NA,NA,"1"
4.75,1,107.81,0.04107,-0.53,18.086,0.11983,-1.437,15.582,0.07784,1,52.626,0.02846,1,60.381,0.04812,1,47.273,0.05504,-1.498338,51.4884,0.061464,-1.692375,15.44019,0.1474407,"1"
4.833,1,108.41,0.04115,-0.543,18.2673,0.12025,-1.452,15.569,0.07806,1,52.667,0.02849,1,60.551,0.04812,1,47.613,0.05504,-1.507983,51.54518,0.061694,-1.688477,15.47709,0.1483449,"1"
4.917,1,109.01,0.04123,-0.555,18.4507,0.12067,-1.467,15.557,0.07829,1,52.708,0.02852,1,60.724,0.04812,1,47.954,0.05504,-1.517713,51.60239,0.061925,-1.68458,15.51399,0.1492491,"1"
5,1,109.59,0.04131,-0.567,18.633,0.1211,-1.481,15.547,0.07856,1,52.747,0.02855,1,60.898,0.04812,1,48.295,0.05504,-1.527531,51.66006,0.062157,-1.680682,15.55093,0.1501533,"1"
5.083,1,110.16,0.04137,-0.579,18.8143,0.12154,-1.495,15.538,0.07884,1,52.786,0.02858,1,61.075,0.04812,1,48.637,0.05504,-1.537456,51.71828,0.062392,-1.676784,15.58797,0.1510574,"1"
5.167,1,110.73,0.04144,-0.591,18.9942,0.12198,-1.509,15.53,0.07915,1,52.823,0.02861,1,61.255,0.04812,1,48.98,0.05504,-1.547496,51.7771,0.062628,-1.672887,15.62513,0.1519614,"1"
5.25,1,111.28,0.04149,-0.603,19.172,0.12243,-1.523,15.523,0.07948,1,52.86,0.02864,1,61.438,0.04812,1,49.322,0.05504,-1.557664,51.83659,0.062867,-1.66899,15.66252,0.1528653,"1"
5.333,1,111.81,0.04155,-0.615,19.349,0.12289,-1.536,15.517,0.07983,1,52.896,0.02867,1,61.624,0.04812,1,49.664,0.05504,-1.56797,51.8968,0.063108,-1.665092,15.70021,0.1537688,"1"
5.417,1,112.35,0.0416,-0.627,19.5253,0.12335,-1.549,15.511,0.0802,1,52.932,0.02869,1,61.812,0.04812,1,50.006,0.05504,-1.578425,51.9578,0.063352,-1.661196,15.73833,0.1546719,"1"
5.5,1,112.87,0.04165,-0.639,19.701,0.12383,-1.562,15.507,0.08059,1,52.967,0.02872,1,62.004,0.04812,1,50.347,0.05504,-1.589044,52.01967,0.063599,-1.657298,15.77695,0.1555747,"1"
5.583,1,113.38,0.0417,-0.651,19.8767,0.12432,-1.575,15.503,0.081,1,53.002,0.02874,1,62.198,0.04812,1,50.687,0.05504,-1.599841,52.08248,0.063848,-1.653394,15.81612,0.1564774,"1"
5.667,1,113.9,0.04174,-0.663,20.0523,0.12482,-1.587,15.5,0.08143,1,53.036,0.02876,1,62.395,0.04812,1,51.026,0.05504,-1.610833,52.14633,0.064101,-1.649478,15.85583,0.1573801,"1"
5.75,1,114.41,0.04178,-0.675,20.229,0.12534,-1.599,15.498,0.08189,1,53.07,0.02878,1,62.596,0.04812,1,51.366,0.05504,-1.622035,52.2113,0.064358,-1.645543,15.89605,0.158283,"1"
5.833,1,114.92,0.04182,-0.687,20.4077,0.12587,-1.611,15.497,0.08235,1,53.103,0.0288,1,62.798,0.04812,1,51.705,0.05504,-1.633465,52.2775,0.064618,-1.641583,15.93672,0.1591863,"1"
5.917,1,115.43,0.04186,-0.699,20.5867,0.12642,-1.622,15.497,0.08284,1,53.136,0.02883,1,63.004,0.04812,1,52.043,0.05504,-1.64514,52.34501,0.064883,-1.63759,15.97781,0.1600901,"1"
6,1,115.93,0.0419,-0.711,20.767,0.12699,-1.634,15.498,0.08334,1,53.168,0.02884,1,63.212,0.04812,1,52.38,0.05504,-1.657077,52.41394,0.065152,-1.633559,16.01929,0.1609947,"1"
6.083,1,116.44,0.04193,-0.723,20.9487,0.12757,-1.644,15.499,0.08386,1,53.2,0.02886,1,63.424,0.04812,1,52.716,0.05504,-1.669293,52.48438,0.065425,-1.629487,16.06111,0.1619003,"1"
6.167,1,116.94,0.04197,-0.735,21.1303,0.12816,-1.655,15.501,0.08439,1,53.232,0.02888,1,63.638,0.04812,1,53.052,0.05504,-1.681799,52.55638,0.065703,-1.625371,16.10321,0.1628072,"1"
6.25,1,117.44,0.042,-0.748,21.313,0.12877,-1.665,15.503,0.08494,1,53.264,0.0289,1,63.856,0.04812,1,53.386,0.05504,-1.694607,52.63001,0.065986,-1.621208,16.14557,0.1637155,"1"
6.333,1,117.94,0.04203,-0.76,21.4981,0.12939,-1.675,15.507,0.08549,1,53.294,0.02892,1,64.076,0.04812,1,53.719,0.05504,-1.707723,52.70531,0.066273,-1.616996,16.18814,0.1646255,"1"
6.417,1,118.43,0.04206,-0.772,21.6842,0.13003,-1.685,15.511,0.08606,1,53.325,0.02893,1,64.298,0.04812,1,54.051,0.05504,-1.721154,52.78232,0.066565,-1.612734,16.23093,0.1655373,"1"
6.5,1,118.93,0.04209,-0.785,21.872,0.13068,-1.694,15.516,0.08663,1,53.356,0.02895,1,64.522,0.04812,1,54.381,0.05504,-1.734905,52.86107,0.066862,-1.60842,16.27392,0.1664512,"1"
6.583,1,119.42,0.04212,-0.797,22.0621,0.13136,-1.704,15.522,0.08722,1,53.387,0.02896,1,64.748,0.04812,1,54.71,0.05504,-1.748983,52.94161,0.067163,-1.604055,16.31706,0.1673673,"1"
6.667,1,119.91,0.04216,-0.81,22.2549,0.13205,-1.713,15.529,0.08781,1,53.416,0.02898,1,64.976,0.04812,1,55.039,0.05504,-1.763393,53.02398,0.067469,-1.599638,16.36029,0.1682858,"1"
6.75,1,120.41,0.04219,-0.823,22.45,0.13276,-1.721,15.536,0.08841,1,53.446,0.02899,1,65.206,0.04812,1,55.367,0.05504,-1.778137,53.1082,0.06778,-1.595168,16.40359,0.1692068,"1"
6.833,1,120.9,0.04223,-0.836,22.6478,0.13349,-1.73,15.545,0.08901,1,53.476,0.029,1,65.438,0.04812,1,55.695,0.05504,-1.793213,53.19427,0.068095,-1.590643,16.44689,0.1701303,"1"
6.917,1,121.4,0.04227,-0.849,22.848,0.13425,-1.738,15.554,0.08962,1,53.505,0.02902,1,65.671,0.04812,1,56.022,0.05504,-1.808621,53.28222,0.068415,-1.586063,16.49014,0.1710565,"1"
7,1,121.9,0.04231,-0.861,23.051,0.13502,-1.745,15.564,0.09023,1,53.534,0.02903,1,65.907,0.04812,1,56.349,0.05504,-1.824352,53.37201,0.068738,-1.581425,16.53328,0.1719853,"1"
7.083,1,122.4,0.04236,-0.874,23.2576,0.13581,-1.753,15.575,0.09084,1,53.563,0.02904,1,66.144,0.04812,1,56.675,0.05504,-1.840399,53.46365,0.069066,-1.576727,16.57623,0.1729166,"1"
7.167,1,122.9,0.0424,-0.887,23.4657,0.13662,-1.76,15.587,0.09145,1,53.591,0.02905,1,66.382,0.04812,1,57.002,0.05504,-1.856756,53.55713,0.069397,-1.571966,16.61897,0.1738504,"1"
7.25,1,123.4,0.04245,-0.9,23.676,0.13744,-1.767,15.6,0.09207,1,53.62,0.02907,1,66.622,0.04812,1,57.327,0.05504,-1.873416,53.65245,0.069732,-1.567141,16.66145,0.1747868,"1"
7.333,1,123.9,0.04249,-0.913,23.8873,0.13827,-1.774,15.614,0.09268,1,53.649,0.02908,1,66.862,0.04812,1,57.652,0.05504,-1.89037,53.7496,0.070071,-1.56225,16.70367,0.1757258,"1"
7.417,1,124.4,0.04254,-0.925,24.1001,0.13912,-1.781,15.628,0.0933,1,53.676,0.02909,1,67.104,0.04812,1,57.975,0.05504,-1.907613,53.84861,0.070412,-1.557291,16.74559,0.1766672,"1"
7.5,1,124.9,0.04259,-0.937,24.314,0.13998,-1.787,15.643,0.09391,1,53.704,0.0291,1,67.345,0.04812,1,58.297,0.05504,-1.925136,53.94948,0.070757,-1.552264,16.78721,0.1776111,"1"
7.583,1,125.4,0.04263,-0.949,24.5293,0.14084,-1.793,15.659,0.09451,1,53.732,0.02911,1,67.587,0.04812,1,58.616,0.05504,-1.942926,54.0522,0.071105,-1.547165,16.82853,0.1785573,"1"
7.667,1,125.89,0.04267,-0.961,24.7467,0.14171,-1.798,15.675,0.09512,1,53.76,0.02912,1,67.827,0.04812,1,58.932,0.05504,-1.960971,54.15679,0.071456,-1.541992,16.86949,0.1795056,"1"
7.75,1,126.39,0.04272,-0.972,24.965,0.14259,-1.804,15.692,0.09572,1,53.787,0.02913,1,68.066,0.04812,1,59.246,0.05504,-1.979254,54.26323,0.071809,-1.536743,16.91005,0.1804557,"1"
7.833,1,126.87,0.04276,-0.983,25.1849,0.14346,-1.809,15.71,0.09632,1,53.814,0.02914,1,68.303,0.04812,1,59.555,0.05504,-1.997758,54.37149,0.072165,-1.531415,16.95016,0.1814073,"1"
7.917,1,127.36,0.0428,-0.994,25.407,0.14434,-1.814,15.729,0.09691,1,53.841,0.02915,1,68.538,0.04812,1,59.861,0.05504,-2.016461,54.48156,0.072523,-1.526003,16.98979,0.1823603,"1"
8,1,127.85,0.04284,-1.005,25.63,0.14522,-1.818,15.748,0.09749,1,53.867,0.02916,1,68.769,0.04812,1,60.16,0.05504,-2.035336,54.59341,0.072883,-1.520505,17.0289,0.1833143,"1"
8.083,1,128.33,0.04289,-1.015,25.855,0.14609,-1.823,15.768,0.09807,1,53.893,0.02917,1,68.998,0.04812,1,60.455,0.05504,-2.054356,54.70705,0.073245,-1.514915,17.06746,0.1842689,"1"
8.167,1,128.8,0.04293,-1.024,26.0814,0.14696,-1.827,15.789,0.09864,1,53.92,0.02918,1,69.225,0.04812,1,60.745,0.05504,-2.073495,54.8225,0.073608,-1.50923,17.10547,0.1852238,"1"
8.25,1,129.27,0.04297,-1.034,26.308,0.14782,-1.83,15.81,0.0992,1,53.946,0.02919,1,69.448,0.04812,1,61.028,0.05504,-2.092727,54.93976,0.073973,-1.503446,17.14296,0.1861785,"1"
8.333,1,129.74,0.04302,-1.042,26.5363,0.14868,-1.834,15.833,0.09976,1,53.972,0.0292,1,69.667,0.04812,1,61.307,0.05504,-2.112027,55.05884,0.074339,-1.497559,17.17995,0.1871328,"1"
8.417,1,130.19,0.04307,-1.051,26.7655,0.14953,-1.837,15.855,0.1003,1,53.998,0.02921,1,69.884,0.04812,1,61.58,0.05504,-2.131368,55.17976,0.074705,-1.491564,17.21649,0.188086,"1"
8.5,1,130.64,0.04312,-1.058,26.996,0.15038,-1.84,15.88,0.10084,1,54.024,0.02922,1,70.098,0.04812,1,61.849,0.05504,-2.150722,55.30252,0.075072,-1.485458,17.25257,0.189038,"1"
8.583,1,131.09,0.04318,-1.065,27.2269,0.15121,-1.843,15.904,0.10137,1,54.05,0.02923,1,70.31,0.04812,1,62.111,0.05504,-2.170057,55.42713,0.07544,-1.479236,17.28821,0.1899883,"1"
8.667,1,131.54,0.04324,-1.072,27.458,0.15204,-1.846,15.929,0.10189,1,54.076,0.02924,1,70.519,0.04812,1,62.37,0.05504,-2.189338,55.55359,0.075808,-1.472896,17.3234,0.1909365,"1"
8.75,1,131.97,0.0433,-1.078,27.69,0.15286,-1.848,15.955,0.1024,1,54.101,0.02925,1,70.727,0.04812,1,62.623,0.05504,-2.208523,55.68186,0.076176,-1.466431,17.35814,0.1918823,"1"
8.833,1,132.41,0.04337,-1.083,27.922,0.15366,-1.85,15.982,0.1029,1,54.126,0.02926,1,70.931,0.04812,1,62.873,0.05504,-2.227568,55.81192,0.076544,-1.459842,17.39244,0.1928255,"1"
8.917,1,132.84,0.04344,-1.088,28.1557,0.15446,-1.852,16.009,0.1034,1,54.152,0.02926,1,71.134,0.04812,1,63.118,0.05504,-2.246431,55.94376,0.076911,-1.453127,17.42627,0.1937657,"1"
9,1,133.28,0.04351,-1.092,28.39,0.15525,-1.854,16.037,0.10388,1,54.178,0.02927,1,71.335,0.04812,1,63.36,0.05504,-2.265068,56.0773,0.077277,-1.446286,17.45957,0.1947026,"1"
9.083,1,133.71,0.04359,-1.095,28.6266,0.15602,-1.855,16.066,0.10435,1,54.203,0.02928,1,71.535,0.04812,1,63.598,0.05504,-2.283428,56.21247,0.077643,-1.439318,17.49224,0.1956358,"1"
9.167,1,134.14,0.04367,-1.098,28.8637,0.15677,-1.856,16.095,0.10482,1,54.229,0.02929,1,71.732,0.04812,1,63.833,0.05504,-2.301463,56.34921,0.078006,-1.432224,17.52416,0.196565,"1"
9.25,1,134.57,0.04376,-1.101,29.103,0.15751,-1.857,16.125,0.10527,1,54.254,0.0293,1,71.928,0.04812,1,64.065,0.05504,-2.319129,56.48745,0.078368,-1.425003,17.55518,0.1974898,"1"
9.333,1,134.99,0.04384,-1.103,29.343,0.15824,-1.858,16.155,0.10571,1,54.279,0.02931,1,72.122,0.04812,1,64.295,0.05504,-2.336377,56.62713,0.078728,-1.417653,17.58509,0.1984099,"1"
9.417,1,135.42,0.04394,-1.104,29.585,0.15895,-1.858,16.187,0.10615,1,54.305,0.02932,1,72.315,0.04812,1,64.522,0.05504,-2.353165,56.76824,0.079085,-1.410172,17.61372,0.1993248,"1"
9.5,1,135.84,0.04403,-1.105,29.828,0.15963,-1.859,16.219,0.10657,1,54.33,0.02933,1,72.507,0.04812,1,64.747,0.05504,-2.369452,56.91077,0.07944,-1.402556,17.6409,0.2002342,"1"
9.583,1,136.26,0.04413,-1.105,30.074,0.16031,-1.859,16.251,0.10698,1,54.355,0.02933,1,72.696,0.04812,1,64.97,0.05504,-2.385191,57.05471,0.079792,-1.394805,17.66644,0.2011377,"1"
9.667,1,136.68,0.04423,-1.104,30.323,0.16096,-1.859,16.284,0.10738,1,54.38,0.02934,1,72.884,0.04812,1,65.191,0.05504,-2.400333,57.20003,0.080141,-1.386915,17.6902,0.2020349,"1"
9.75,1,137.1,0.04433,-1.103,30.574,0.16161,-1.859,16.318,0.10777,1,54.406,0.02935,1,73.069,0.04812,1,65.411,0.05504,-2.414835,57.34672,0.080487,-1.378883,17.712,0.2029255,"1"
9.833,1,137.53,0.04444,-1.102,30.829,0.16224,-1.859,16.352,0.10815,1,54.431,0.02936,1,73.254,0.04812,1,65.63,0.05504,-2.428662,57.49477,0.080829,-1.370708,17.73171,0.203809,"1"
9.917,1,137.96,0.04456,-1.099,31.0876,0.16286,-1.858,16.387,0.10852,1,54.457,0.02937,1,73.435,0.04812,1,65.847,0.05504,-2.441788,57.64419,0.081168,-1.362388,17.74916,0.2046852,"1"
10,1,138.39,0.04468,-1.097,31.35,0.16347,-1.857,16.423,0.10888,1,54.482,0.02938,1,73.616,0.04812,1,66.063,0.05504,-2.454193,57.79495,0.081502,-1.353924,17.76423,0.2055541,"1"
10.083,1,138.82,0.0448,-1.093,31.615,0.16408,-1.856,16.459,0.10923,1,54.507,0.02938,1,73.792,0.04812,1,66.279,0.05504,-2.465862,57.94707,0.081833,-1.345316,17.77683,0.2064154,"1"
10.167,1,139.26,0.04493,-1.089,31.883,0.16469,-1.855,16.496,0.10957,1,54.533,0.02939,1,73.966,0.04812,1,66.493,0.05504,-2.476786,58.10055,0.082159,-1.336563,17.7869,0.2072689,"1"
10.25,1,139.69,0.04506,-1.085,32.152,0.16528,-1.854,16.533,0.1099,1,54.558,0.0294,1,74.138,0.04812,1,66.707,0.05504,-2.486961,58.25538,0.082482,-1.327666,17.79438,0.2081145,"1"
10.333,1,140.12,0.0452,-1.08,32.4224,0.16588,-1.853,16.57,0.11022,1,54.584,0.02941,1,74.307,0.04812,1,66.92,0.05504,-2.496382,58.41158,0.082799,-1.318624,17.79926,0.2089521,"1"
10.417,1,140.54,0.04534,-1.074,32.6934,0.16648,-1.851,16.609,0.11054,1,54.61,0.02942,1,74.472,0.04812,1,67.133,0.05504,-2.505034,58.56911,0.083112,-1.309437,17.80149,0.2097816,"1"
10.5,1,140.96,0.04548,-1.068,32.964,0.16707,-1.85,16.648,0.11084,1,54.635,0.02943,1,74.637,0.04812,1,67.346,0.05504,-2.512915,58.72797,0.083421,-1.300103,17.80105,0.2106027,"1"
10.583,1,141.37,0.04562,-1.061,33.234,0.16766,-1.848,16.687,0.11114,1,54.661,0.02943,1,74.798,0.04812,1,67.559,0.05504,-2.52001,58.88815,0.083725,-1.29062,17.79793,0.2114153,"1"
10.667,1,141.78,0.04577,-1.053,33.5036,0.16825,-1.846,16.727,0.11143,1,54.687,0.02944,1,74.957,0.04812,1,67.772,0.05504,-2.5263,59.04959,0.084024,-1.280989,17.79204,0.2122194,"1"
10.75,1,142.18,0.04592,-1.045,33.774,0.16884,-1.844,16.768,0.1117,1,54.713,0.02945,1,75.114,0.04812,1,67.986,0.05504,-2.531767,59.21225,0.084318,-1.271211,17.78337,0.2130147,"1"
10.833,1,142.58,0.04607,-1.037,34.0437,0.16943,-1.842,16.808,0.11197,1,54.74,0.02946,1,75.269,0.04812,1,68.201,0.05504,-2.53639,59.37609,0.084607,-1.261287,17.77193,0.2138013,"1"
10.917,1,142.98,0.04623,-1.027,34.3143,0.17001,-1.839,16.85,0.11223,1,54.766,0.02946,1,75.424,0.04812,1,68.417,0.05504,-2.540156,59.5411,0.08489,-1.25122,17.75774,0.214579,"1"
11,1,143.37,0.04638,-1.018,34.585,0.1706,-1.837,16.892,0.11249,1,54.793,0.02947,1,75.576,0.04812,1,68.636,0.05504,-2.543053,59.70726,0.085169,-1.241012,17.74085,0.2153477,"1"
11.083,1,143.77,0.04654,-1.007,34.8568,0.17119,-1.834,16.935,0.11273,1,54.82,0.02948,1,75.728,0.04812,1,68.855,0.05504,-2.54508,59.87458,0.085442,-1.230667,17.72136,0.2161076,"1"
11.167,1,144.16,0.0467,-0.996,35.1298,0.17176,-1.831,16.977,0.11296,1,54.846,0.02949,1,75.879,0.04812,1,69.078,0.05504,-2.546253,60.04307,0.08571,-1.22019,17.69939,0.2168587,"1"
11.25,1,144.55,0.04687,-0.985,35.405,0.17233,-1.829,17.02,0.11319,1,54.874,0.02949,1,76.029,0.04812,1,69.303,0.05504,-2.546584,60.21274,0.085972,-1.209586,17.67504,0.2176009,"1"
11.333,1,144.95,0.04704,-0.973,35.6823,0.17289,-1.826,17.065,0.11341,1,54.902,0.0295,1,76.179,0.04812,1,69.531,0.05504,-2.546088,60.38363,0.086228,-1.198862,17.64838,0.2183342,"1"
11.417,1,145.34,0.04721,-0.96,35.9633,0.17343,-1.823,17.108,0.11362,1,54.929,0.02951,1,76.33,0.04812,1,69.762,0.05504,-2.544778,60.55577,0.086478,-1.188022,17.61953,0.2190587,"1"
11.5,1,145.75,0.04738,-0.947,36.25,0.17397,-1.819,17.154,0.11382,1,54.956,0.02952,1,76.48,0.04812,1,69.997,0.05504,-2.542667,60.72917,0.086723,-1.177074,17.58857,0.2197741,"1"
11.583,1,146.16,0.04755,-0.933,36.5432,0.17449,-1.816,17.199,0.11402,1,54.984,0.02952,1,76.63,0.04812,1,70.236,0.05504,-2.539772,60.90387,0.086961,-1.166023,17.55557,0.2204804,"1"
11.667,1,146.58,0.04774,-0.918,36.8423,0.175,-1.813,17.244,0.1142,1,55.012,0.02953,1,76.781,0.04812,1,70.478,0.05504,-2.536116,61.0799,0.087194,-1.154876,17.52065,0.2211774,"1"
11.75,1,147.02,0.04792,-0.903,37.149,0.1755,-1.809,17.291,0.11438,1,55.04,0.02954,1,76.933,0.04812,1,70.724,0.05504,-2.531721,61.2573,0.087421,-1.143639,17.4839,0.221865,"1"
11.833,1,147.46,0.0481,-0.887,37.4638,0.17599,-1.806,17.338,0.11456,1,55.069,0.02955,1,77.087,0.04812,1,70.975,0.05504,-2.526603,61.43612,0.087642,-1.132321,17.44543,0.2225428,"1"
11.917,1,147.91,0.04829,-0.87,37.7877,0.17647,-1.802,17.386,0.11472,1,55.098,0.02955,1,77.244,0.04812,1,71.229,0.05504,-2.520786,61.61638,0.087856,-1.120929,17.40536,0.2232107,"1"
12,1,148.36,0.04848,-0.852,38.122,0.17692,-1.799,17.433,0.11488,1,55.126,0.02956,1,77.403,0.04812,1,71.488,0.05504,-2.514293,61.79812,0.088065,-1.10947,17.3638,0.2238684,"1"
12.083,1,148.83,0.04868,-0.834,38.4653,0.17736,-1.795,17.481,0.11503,1,55.155,0.02957,1,77.566,0.04812,1,71.752,0.05504,-2.507138,61.98129,0.088268,-1.097948,17.32083,0.2245158,"1"
12.167,1,149.31,0.04887,-0.816,38.8201,0.17778,-1.791,17.53,0.11517,1,55.184,0.02957,1,77.732,0.04812,1,72.02,0.05504,-2.499309,62.16579,0.088465,-1.086368,17.27653,0.2251526,"1"
12.25,1,149.81,0.04906,-0.796,39.185,0.1782,-1.787,17.579,0.11532,1,55.214,0.02958,1,77.903,0.04812,1,72.294,0.05504,-2.490789,62.35149,0.088656,-1.074735,17.23097,0.2257785,"1"
12.333,1,150.31,0.04926,-0.776,39.5619,0.1786,-1.783,17.629,0.11545,1,55.243,0.02959,1,78.079,0.04812,1,72.572,0.05504,-2.481553,62.53827,0.088842,-1.063053,17.18427,0.2263933,"1"
12.417,1,150.83,0.04945,-0.755,39.9494,0.179,-1.78,17.679,0.11558,1,55.272,0.02959,1,78.261,0.04812,1,72.853,0.05504,-2.471583,62.72599,0.089022,-1.05133,17.13655,0.2269967,"1"
12.5,1,151.35,0.04964,-0.734,40.348,0.17938,-1.776,17.729,0.1157,1,55.302,0.0296,1,78.449,0.04812,1,73.14,0.05504,-2.460857,62.91457,0.089197,-1.039571,17.08798,0.2275885,"1"
12.583,1,151.89,0.04983,-0.712,40.7577,0.17978,-1.771,17.779,0.11581,1,55.332,0.02961,1,78.645,0.04812,1,73.431,0.05504,-2.449353,63.10388,0.089367,-1.027781,17.0387,0.2281685,"1"
12.667,1,152.44,0.05001,-0.69,41.1778,0.18017,-1.767,17.83,0.11592,1,55.362,0.02961,1,78.849,0.04812,1,73.727,0.05504,-2.437046,63.29386,0.089532,-1.015963,16.98885,0.2287363,"1"
12.75,1,153,0.05019,-0.668,41.609,0.18057,-1.763,17.881,0.11603,1,55.392,0.02962,1,79.063,0.04812,1,74.025,0.05504,-2.423921,63.48447,0.089692,-1.004122,16.93856,0.2292919,"1"
12.833,1,153.58,0.05037,-0.645,42.0509,0.18095,-1.759,17.933,0.11613,1,55.422,0.02963,1,79.287,0.04812,1,74.328,0.05504,-2.409962,63.67568,0.089847,-0.9922587,16.88795,0.2298351,"1"
12.917,1,154.17,0.05053,-0.622,42.5052,0.18135,-1.755,17.985,0.11622,1,55.453,0.02963,1,79.522,0.04812,1,74.634,0.05504,-2.395163,63.86747,0.089997,-0.980372,16.83714,0.2303658,"1"
13,1,154.77,0.05068,-0.599,42.97,0.18173,-1.75,18.037,0.11631,1,55.484,0.02964,1,79.769,0.04812,1,74.941,0.05504,-2.379515,64.05983,0.090142,-0.9684618,16.78624,0.2308839,"1"
13.083,1,155.38,0.05083,-0.575,43.4457,0.1821,-1.746,18.089,0.11639,1,55.514,0.02964,1,80.028,0.04812,1,75.251,0.05504,-2.363002,64.25272,0.090283,-0.9565292,16.73537,0.2313892,"1"
13.167,1,156,0.05095,-0.552,43.932,0.18245,-1.742,18.142,0.11647,1,55.546,0.02965,1,80.298,0.04812,1,75.563,0.05504,-2.345613,64.44608,0.09042,-0.9445757,16.68466,0.2318818,"1"
13.25,1,156.63,0.05107,-0.53,44.428,0.18278,-1.738,18.194,0.11655,1,55.576,0.02966,1,80.58,0.04812,1,75.875,0.05504,-2.327344,64.63985,0.090552,-0.9326022,16.63422,0.2323613,"1"
13.333,1,157.27,0.05116,-0.507,44.9328,0.18307,-1.733,18.247,0.11662,1,55.608,0.02966,1,80.876,0.04812,1,76.187,0.05504,-2.3082,64.834,0.090679,-0.9206094,16.58417,0.2328279,"1"
13.417,1,157.91,0.05123,-0.485,45.4445,0.18334,-1.729,18.3,0.11668,1,55.639,0.02967,1,81.184,0.04812,1,76.499,0.05504,-2.288231,65.02843,0.090803,-0.9085961,16.53461,0.2332815,"1"
13.5,1,158.55,0.05129,-0.463,45.963,0.18359,-1.724,18.354,0.11674,1,55.67,0.02967,1,81.503,0.04812,1,76.81,0.05504,-2.267458,65.22311,0.090922,-0.8965593,16.48562,0.2337223,"1"
13.583,1,159.2,0.05132,-0.442,46.4868,0.1838,-1.72,18.407,0.1168,1,55.701,0.02968,1,81.83,0.04812,1,77.118,0.05504,-2.245921,65.41799,0.091037,-0.8844966,16.43727,0.2341504,"1"
13.667,1,159.84,0.05133,-0.422,47.0153,0.18397,-1.715,18.46,0.11685,1,55.732,0.02969,1,82.168,0.04812,1,77.423,0.05504,-2.223677,65.61303,0.091149,-0.8724074,16.38963,0.2345661,"1"
13.75,1,160.47,0.05131,-0.403,47.547,0.18411,-1.711,18.514,0.1169,1,55.764,0.02969,1,82.512,0.04812,1,77.725,0.05504,-2.200793,65.8082,0.091256,-0.8602912,16.34278,0.2349695,"1"
13.833,1,161.11,0.05126,-0.384,48.081,0.18421,-1.707,18.567,0.11695,1,55.795,0.0297,1,82.862,0.04812,1,78.023,0.05504,-2.177356,66.00346,0.091361,-0.848148,16.29679,0.2353609,"1"
13.917,1,161.74,0.0512,-0.367,48.6173,0.18427,-1.702,18.621,0.11699,1,55.827,0.0297,1,83.215,0.04812,1,78.314,0.05504,-2.153468,66.19878,0.091462,-0.8359792,16.25171,0.2357402,"1"
14,1,162.36,0.0511,-0.351,49.154,0.18428,-1.697,18.675,0.11703,1,55.858,0.02971,1,83.57,0.04812,1,78.601,0.05504,-2.129225,66.39415,0.09156,-0.8237886,16.20763,0.2361076,"1"
14.083,1,162.97,0.05098,-0.336,49.6907,0.18425,-1.693,18.729,0.11706,1,55.889,0.02971,1,83.925,0.04812,1,78.88,0.05504,-2.1047,66.58949,0.091655,-0.811581,16.16462,0.2364635,"1"
14.167,1,163.58,0.05083,-0.322,50.2259,0.18415,-1.689,18.783,0.1171,1,55.921,0.02972,1,84.28,0.04812,1,79.153,0.05504,-2.07994,66.78477,0.091748,-0.7993608,16.12273,0.2368081,"1"
14.25,1,164.17,0.05065,-0.31,50.76,0.18399,-1.684,18.836,0.11712,1,55.953,0.02972,1,84.631,0.04812,1,79.418,0.05504,-2.054985,66.97993,0.091838,-0.787132,16.082,0.2371418,"1"
14.333,1,164.75,0.05045,-0.299,51.2915,0.18376,-1.68,18.89,0.11715,1,55.983,0.02973,1,84.978,0.04812,1,79.675,0.05504,-2.02987,67.17496,0.091925,-0.7748984,16.0425,0.2374647,"1"
14.417,1,165.33,0.05023,-0.289,51.8192,0.18346,-1.675,18.944,0.11717,1,56.014,0.02973,1,85.322,0.04812,1,79.923,0.05504,-2.004637,67.36983,0.092009,-0.7626634,16.00426,0.2377772,"1"
14.5,1,165.88,0.04998,-0.281,52.343,0.18309,-1.671,18.997,0.11719,1,56.046,0.02974,1,85.661,0.04812,1,80.164,0.05504,-1.979334,67.56454,0.092092,-0.7504285,15.96736,0.2380796,"1"
14.583,1,166.43,0.04971,-0.275,52.8618,0.18263,-1.666,19.051,0.11721,1,56.077,0.02974,1,85.995,0.04812,1,80.397,0.05504,-1.954008,67.7591,0.092172,-0.7381908,15.93183,0.2383723,"1"
14.667,1,166.96,0.04942,-0.269,53.375,0.18209,-1.661,19.104,0.11722,1,56.108,0.02975,1,86.323,0.04812,1,80.621,0.05504,-1.928703,67.9535,0.092251,-0.725947,15.89771,0.2386556,"1"
14.75,1,167.48,0.04912,-0.266,53.883,0.18146,-1.657,19.158,0.11723,1,56.139,0.02975,1,86.644,0.04812,1,80.837,0.05504,-1.903469,68.14773,0.092327,-0.7136941,15.86502,0.2389299,"1"
14.833,1,167.98,0.04879,-0.263,54.385,0.18075,-1.652,19.211,0.11724,1,56.17,0.02976,1,86.956,0.04812,1,81.045,0.05504,-1.878354,68.34178,0.092402,-0.7014298,15.83379,0.2391953,"1"
14.917,1,168.47,0.04846,-0.263,54.8807,0.17995,-1.648,19.264,0.11724,1,56.201,0.02976,1,87.261,0.04812,1,81.245,0.05504,-1.853397,68.53562,0.092475,-0.6891474,15.80399,0.2394523,"1"
15,1,168.94,0.04811,-0.263,55.369,0.17908,-1.643,19.317,0.11725,1,56.232,0.02977,1,87.556,0.04812,1,81.436,0.05504,-1.828643,68.72923,0.092547,-0.6768356,15.77557,0.2397013,"1"
15.083,1,169.4,0.04776,-0.265,55.851,0.17813,-1.639,19.37,0.11725,1,56.262,0.02977,1,87.842,0.04812,1,81.62,0.05504,-1.804131,68.92259,0.092617,-0.6644837,15.74848,0.2399429,"1"
15.167,1,169.84,0.0474,-0.268,56.3242,0.1771,-1.635,19.423,0.11725,1,56.293,0.02978,1,88.12,0.04812,1,81.796,0.05504,-1.779896,69.11572,0.092687,-0.6520809,15.72269,0.2401776,"1"
15.25,1,170.26,0.04703,-0.272,56.7897,0.176,-1.63,19.475,0.11724,1,56.324,0.02978,1,88.389,0.04812,1,81.965,0.05504,-1.755975,69.30863,0.092755,-0.6396194,15.69817,0.2404059,"1"
15.333,1,170.67,0.04666,-0.278,57.2474,0.17482,-1.626,19.528,0.11724,1,56.354,0.02979,1,88.648,0.04812,1,82.126,0.05504,-1.732414,69.50138,0.092822,-0.6270942,15.67491,0.2406285,"1"
15.417,1,171.06,0.0463,-0.284,57.6966,0.17357,-1.621,19.579,0.11723,1,56.384,0.02979,1,88.9,0.04812,1,82.28,0.05504,-1.709243,69.694,0.092887,-0.6145009,15.65287,0.240846,"1"
15.5,1,171.43,0.04594,-0.292,58.138,0.17226,-1.617,19.632,0.11722,1,56.414,0.0298,1,89.145,0.04812,1,82.428,0.05504,-1.686434,69.8865,0.092951,-0.6018356,15.63204,0.2410589,"1"
15.583,1,171.79,0.04558,-0.3,58.5697,0.17087,-1.612,19.683,0.11721,1,56.444,0.0298,1,89.383,0.04812,1,82.569,0.05504,-1.66396,70.07888,0.093014,-0.5890944,15.61238,0.2412679,"1"
15.667,1,172.14,0.04522,-0.309,58.9933,0.16944,-1.608,19.735,0.11719,1,56.474,0.0298,1,89.614,0.04812,1,82.703,0.05504,-1.641809,70.27116,0.093076,-0.5762737,15.59388,0.2414735,"1"
15.75,1,172.48,0.04488,-0.319,59.4074,0.16797,-1.603,19.786,0.11718,1,56.503,0.02981,1,89.838,0.04812,1,82.832,0.05504,-1.619953,70.46329,0.093137,-0.5633702,15.57652,0.2416763,"1"
15.833,1,172.79,0.04454,-0.33,59.8116,0.16645,-1.599,19.837,0.11716,1,56.533,0.02981,1,90.057,0.04812,1,82.954,0.05504,-1.598348,70.65526,0.093197,-0.5503801,15.56033,0.2418767,"1"
15.917,1,173.1,0.04421,-0.341,60.2047,0.16491,-1.595,19.887,0.11714,1,56.562,0.02982,1,90.269,0.04812,1,83.071,0.05504,-1.576956,70.84704,0.093257,-0.5372999,15.54529,0.2420754,"1"
16,1,173.39,0.04389,-0.352,60.588,0.16336,-1.59,19.938,0.11712,1,56.591,0.02982,1,90.475,0.04812,1,83.182,0.05504,-1.555748,71.03864,0.093316,-0.5241261,15.53143,0.2422727,"1"
16.083,1,173.66,0.04358,-0.364,60.9597,0.1618,-1.586,19.988,0.1171,1,56.621,0.02983,1,90.673,0.04812,1,83.287,0.05504,-1.534695,71.23006,0.093374,-0.5108554,15.51875,0.242469,"1"
16.167,1,173.93,0.04328,-0.376,61.3195,0.16025,-1.582,20.038,0.11708,1,56.65,0.02983,1,90.864,0.04812,1,83.388,0.05504,-1.513767,71.42133,0.093433,-0.4974859,15.50721,0.2426648,"1"
16.25,1,174.18,0.043,-0.387,61.668,0.15872,-1.577,20.087,0.11706,1,56.679,0.02984,1,91.049,0.04812,1,83.482,0.05504,-1.492941,71.61246,0.093491,-0.4840158,15.49676,0.2428604,"1"
16.333,1,174.42,0.04273,-0.399,62.0053,0.15722,-1.573,20.137,0.11703,1,56.707,0.02984,1,91.225,0.04812,1,83.572,0.05504,-1.472202,71.80344,0.093549,-0.4704435,15.48737,0.2430563,"1"
16.417,1,174.64,0.04246,-0.411,62.3324,0.15576,-1.569,20.186,0.117,1,56.736,0.02984,1,91.395,0.04812,1,83.657,0.05504,-1.451539,71.99429,0.093607,-0.4567673,15.47898,0.2432527,"1"
16.5,1,174.86,0.04222,-0.422,62.647,0.15434,-1.564,20.234,0.11698,1,56.764,0.02985,1,91.558,0.04812,1,83.737,0.05504,-1.430933,72.18504,0.093665,-0.4429855,15.47156,0.24345,"1"
16.583,1,175.06,0.04198,-0.434,62.9519,0.15297,-1.56,20.282,0.11695,1,56.792,0.02985,1,91.714,0.04812,1,83.812,0.05504,-1.410372,72.37569,0.093724,-0.4290964,15.46506,0.2436484,"1"
16.667,1,175.25,0.04175,-0.445,63.2463,0.15166,-1.556,20.33,0.11692,1,56.821,0.02985,1,91.863,0.04812,1,83.883,0.05504,-1.389841,72.56628,0.093782,-0.4150986,15.45944,0.2438483,"1"
16.75,1,175.43,0.04154,-0.456,63.531,0.15041,-1.551,20.378,0.11689,1,56.849,0.02986,1,92.006,0.04812,1,83.95,0.05504,-1.36933,72.75684,0.09384,-0.4009908,15.45465,0.2440498,"1"
16.833,1,175.61,0.04134,-0.467,63.806,0.14922,-1.547,20.425,0.11686,1,56.876,0.02986,1,92.143,0.04812,1,84.012,0.05504,-1.348834,72.94739,0.093898,-0.3867724,15.45064,0.2442531,"1"
16.917,1,175.77,0.04114,-0.478,64.0717,0.14807,-1.543,20.472,0.11683,1,56.904,0.02987,1,92.274,0.04812,1,84.071,0.05504,-1.328346,73.13793,0.093957,-0.3724427,15.44734,0.2444585,"1"
17,1,175.92,0.04096,-0.489,64.329,0.14699,-1.538,20.519,0.1168,1,56.932,0.02987,1,92.398,0.04812,1,84.126,0.05504,-1.307862,73.32848,0.094015,-0.3580019,15.44469,0.2446661,"1"
17.083,1,176.07,0.04079,-0.5,64.5782,0.14596,-1.534,20.565,0.11677,1,56.96,0.02987,1,92.516,0.04812,1,84.176,0.05504,NA,NA,NA,-0.34345,15.44262,0.2448761,"1"
17.167,1,176.21,0.04063,-0.51,64.8187,0.14498,-1.53,20.611,0.11674,1,56.987,0.02988,1,92.63,0.04812,1,84.223,0.05504,NA,NA,NA,-0.3287868,15.44107,0.2450886,"1"
17.25,1,176.33,0.04047,-0.52,65.051,0.14407,-1.526,20.656,0.1167,1,57.014,0.02988,1,92.737,0.04812,1,84.266,0.05504,NA,NA,NA,-0.3140127,15.44,0.2453037,"1"
17.333,1,176.45,0.04033,-0.53,65.2768,0.1432,-1.521,20.702,0.11667,1,57.041,0.02989,1,92.839,0.04812,1,84.306,0.05504,NA,NA,NA,-0.2991282,15.43937,0.2455216,"1"
17.417,1,176.57,0.0402,-0.539,65.4933,0.14238,-1.517,20.746,0.11663,1,57.068,0.02989,1,92.936,0.04812,1,84.342,0.05504,NA,NA,NA,-0.2841332,15.43913,0.2457423,"1"
17.5,1,176.67,0.04008,-0.549,65.704,0.14161,-1.513,20.791,0.1166,1,57.095,0.02989,1,93.028,0.04812,1,84.376,0.05504,NA,NA,NA,-0.2690272,15.43923,0.2459659,"1"
17.583,1,176.76,0.03997,-0.558,65.9069,0.14088,-1.509,20.836,0.11657,1,57.121,0.0299,1,93.116,0.04812,1,84.406,0.05504,NA,NA,NA,-0.2538103,15.43964,0.2461926,"1"
17.667,1,176.85,0.03987,-0.567,66.1033,0.1402,-1.505,20.879,0.11653,1,57.148,0.0299,1,93.198,0.04812,1,84.433,0.05504,NA,NA,NA,-0.2384823,15.4403,0.2464223,"1"
17.75,1,176.92,0.03979,-0.575,66.292,0.13956,-1.501,20.923,0.11649,1,57.174,0.0299,1,93.278,0.04812,1,84.458,0.05504,NA,NA,NA,-0.2230436,15.44114,0.2466551,"1"
17.833,1,176.99,0.03971,-0.583,66.4765,0.13896,-1.496,20.967,0.11646,1,57.201,0.02991,1,93.352,0.04812,1,84.48,0.05504,NA,NA,NA,-0.2074941,15.4421,0.2468909,"1"
17.917,1,177.04,0.03964,-0.591,66.6541,0.13839,-1.492,21.009,0.11642,1,57.227,0.02991,1,93.423,0.04812,1,84.501,0.05504,NA,NA,NA,-0.1918336,15.44311,0.2471297,"1"
18,1,177.09,0.03958,-0.599,66.824,0.13786,-1.488,21.052,0.11639,1,57.26,0.02991,1,93.491,0.04812,1,84.519,0.05504,NA,NA,NA,-0.1760615,15.44413,0.2473714,"1"
18.083,1,177.13,0.03953,-0.606,66.9883,0.13735,-1.484,21.095,0.11635,NA,NA,NA,1,93.555,0.04812,1,84.534,0.05504,NA,NA,NA,-0.1601774,15.4451,0.2476159,"1"
18.167,1,177.17,0.03948,-0.613,67.147,0.13688,-1.48,21.136,0.11631,NA,NA,NA,1,93.616,0.04812,1,84.548,0.05504,NA,NA,NA,-0.1441826,15.44597,0.247863,"1"
18.25,1,177.2,0.03945,-0.62,67.3,0.13643,-1.476,21.178,0.11628,NA,NA,NA,1,93.674,0.04812,1,84.559,0.05504,NA,NA,NA,-0.128081,15.44672,0.2481126,"1"
18.333,1,177.23,0.03942,-0.627,67.448,0.13601,-1.472,21.22,0.11624,NA,NA,NA,1,93.727,0.04812,1,84.567,0.05504,NA,NA,NA,-0.1118766,15.44731,0.2483647,"1"
18.417,1,177.25,0.0394,-0.633,67.5898,0.13561,-1.467,21.26,0.1162,NA,NA,NA,1,93.775,0.04812,1,84.573,0.05504,NA,NA,NA,-0.09557303,15.44773,0.2486192,"1"
18.5,1,177.26,0.03938,-0.639,67.728,0.13523,-1.463,21.301,0.11617,NA,NA,NA,1,93.824,0.04812,1,84.578,0.05504,NA,NA,NA,-0.07917386,15.44796,0.248876,"1"
18.583,1,177.27,0.03937,-0.645,67.8607,0.13488,-1.459,21.342,0.11613,NA,NA,NA,1,93.872,0.04812,1,84.583,0.05504,NA,NA,NA,-0.06268331,15.44797,0.2491349,"1"
18.667,1,177.27,0.03936,-0.651,67.988,0.13453,-1.455,21.382,0.11609,NA,NA,NA,1,93.92,0.04812,1,84.589,0.05504,NA,NA,NA,-0.04610948,15.44776,0.249396,"1"
18.75,1,177.28,0.03936,-0.656,68.111,0.13422,-1.451,21.422,0.11605,NA,NA,NA,1,93.964,0.04812,1,84.592,0.05504,NA,NA,NA,-0.0294617,15.44733,0.2496592,"1"
18.833,1,177.28,0.03936,-0.662,68.2298,0.13392,-1.447,21.461,0.11602,NA,NA,NA,1,94.004,0.04812,1,84.592,0.05504,NA,NA,NA,-0.01274962,15.44668,0.2499243,"1"
18.917,1,177.28,0.03936,-0.667,68.3437,0.13363,-1.443,21.501,0.11598,NA,NA,NA,1,94.042,0.04812,1,84.593,0.05504,NA,NA,NA,0.00401652,15.44581,0.2501912,"1"
19,1,177.28,0.03935,-0.671,68.454,0.13335,-1.439,21.54,0.11594,NA,NA,NA,1,94.079,0.04812,1,84.595,0.05504,NA,NA,NA,0.02082607,15.44471,0.2504594,"1"
19.083,1,177.29,0.03935,-0.676,68.5595,0.1331,-1.435,21.578,0.11591,NA,NA,NA,1,94.114,0.04812,1,84.597,0.05504,NA,NA,NA,0.03766705,15.44341,0.2507289,"1"
19.167,1,177.29,0.03934,-0.68,68.6613,0.13284,-1.431,21.617,0.11587,NA,NA,NA,1,94.146,0.04812,1,84.601,0.05504,NA,NA,NA,0.05452607,15.44194,0.2509994,"1"
19.25,1,177.29,0.03934,-0.685,68.76,0.13261,-1.427,21.655,0.11583,NA,NA,NA,1,94.178,0.04812,1,84.606,0.05504,NA,NA,NA,0.07139388,15.44034,0.2512705,"1"
19.333,1,177.3,0.03934,-0.689,68.8555,0.13239,-1.423,21.693,0.1158,NA,NA,NA,1,94.208,0.04812,1,84.611,0.05504,NA,NA,NA,0.08826815,15.4386,0.2515421,"1"
19.417,1,177.3,0.03934,-0.693,68.9467,0.13217,-1.419,21.73,0.11576,NA,NA,NA,1,94.236,0.04812,1,84.617,0.05504,NA,NA,NA,0.1051478,15.43673,0.251814,"1"
19.5,1,177.3,0.03934,-0.697,69.036,0.13197,-1.415,21.768,0.11572,NA,NA,NA,1,94.264,0.04812,1,84.623,0.05504,NA,NA,NA,0.1220322,15.43475,0.2520862,"1"
19.583,1,177.3,0.03933,-0.7,69.1223,0.13177,-1.412,21.805,0.11569,NA,NA,NA,1,94.29,0.04812,1,84.631,0.05504,NA,NA,NA,0.1389197,15.43268,0.2523584,"1"
19.667,1,177.3,0.03933,-0.704,69.2067,0.13158,-1.408,21.842,0.11565,NA,NA,NA,1,94.316,0.04812,1,84.639,0.05504,NA,NA,NA,0.1558091,15.43056,0.2526307,"1"
19.75,1,177.31,0.03932,-0.708,69.289,0.13139,-1.404,21.878,0.11561,NA,NA,NA,1,94.34,0.04812,1,84.647,0.05504,NA,NA,NA,0.1726992,15.42842,0.252903,"1"
19.833,1,177.32,0.03931,-0.711,69.3693,0.13122,-1.4,21.914,0.11558,NA,NA,NA,1,94.363,0.04812,1,84.656,0.05504,NA,NA,NA,0.1828332,15.42713,0.2530664,"1"
19.917,1,177.33,0.0393,-0.714,69.447,0.13105,-1.396,21.951,0.11554,NA,NA,NA,1,94.385,0.04812,1,84.665,0.05504,NA,NA,NA,NA,NA,NA,"1"
20,1,177.34,0.03929,-0.718,69.524,0.13088,-1.392,21.986,0.11551,NA,NA,NA,1,94.406,0.04812,1,84.675,0.05504,NA,NA,NA,NA,NA,NA,"1"
20.083,1,177.36,0.03927,-0.721,69.5987,0.13071,-1.388,22.022,0.11547,NA,NA,NA,1,94.426,0.04812,1,84.684,0.05504,NA,NA,NA,NA,NA,NA,"1"
20.167,1,177.37,0.03925,-0.724,69.672,0.13056,-1.385,22.058,0.11543,NA,NA,NA,1,94.445,0.04812,1,84.694,0.05504,NA,NA,NA,NA,NA,NA,"1"
20.25,1,177.39,0.03924,-0.727,69.744,0.1304,-1.381,22.093,0.1154,NA,NA,NA,1,94.463,0.04812,1,84.705,0.05504,NA,NA,NA,NA,NA,NA,"1"
20.333,1,177.41,0.03922,-0.73,69.8149,0.13025,-1.377,22.128,0.11537,NA,NA,NA,1,94.481,0.04812,1,84.715,0.05504,NA,NA,NA,NA,NA,NA,"1"
20.417,1,177.43,0.0392,-0.733,69.8844,0.1301,-1.373,22.162,0.11533,NA,NA,NA,1,94.498,0.04812,1,84.726,0.05504,NA,NA,NA,NA,NA,NA,"1"
20.5,1,177.44,0.03918,-0.736,69.952,0.12996,-1.369,22.197,0.1153,NA,NA,NA,1,94.514,0.04812,1,84.737,0.05504,NA,NA,NA,NA,NA,NA,"1"
20.583,1,177.46,0.03915,-0.739,70.0196,0.12982,-1.366,22.231,0.11526,NA,NA,NA,1,94.53,0.04812,1,84.748,0.05504,NA,NA,NA,NA,NA,NA,"1"
20.667,1,177.49,0.03913,-0.741,70.0851,0.12968,-1.362,22.266,0.11523,NA,NA,NA,1,94.544,0.04812,1,84.76,0.05504,NA,NA,NA,NA,NA,NA,"1"
20.75,1,177.5,0.03911,-0.744,70.15,0.12955,-1.358,22.299,0.11519,NA,NA,NA,1,94.559,0.04812,1,84.772,0.05504,NA,NA,NA,NA,NA,NA,"1"
20.833,1,177.52,0.03909,-0.747,70.2127,0.12941,-1.354,22.333,0.11516,NA,NA,NA,1,94.573,0.04812,1,84.783,0.05504,NA,NA,NA,NA,NA,NA,"1"
20.917,1,177.55,0.03907,-0.749,70.2747,0.12929,-1.351,22.367,0.11513,NA,NA,NA,1,94.587,0.04812,1,84.795,0.05504,NA,NA,NA,NA,NA,NA,"1"
21,1,177.57,0.03904,-0.752,70.336,0.12916,-1.347,22.4,0.11509,NA,NA,NA,1,94.599,0.04812,1,84.807,0.05504,NA,NA,NA,NA,NA,NA,"1"
21.083,1,177.59,0.03902,-0.755,70.3957,0.12904,-1.343,22.433,0.11506,NA,NA,NA,1,94.612,0.04812,1,84.819,0.05504,NA,NA,NA,NA,NA,NA,"1"
21.167,1,177.61,0.039,-0.757,70.4547,0.12892,-1.34,22.467,0.11503,NA,NA,NA,1,94.624,0.04812,1,84.831,0.05504,NA,NA,NA,NA,NA,NA,"1"
21.25,1,177.63,0.03897,-0.759,70.512,0.1288,-1.336,22.499,0.11499,NA,NA,NA,1,94.637,0.04812,1,84.844,0.05504,NA,NA,NA,NA,NA,NA,"1"
21.333,1,177.66,0.03895,-0.762,70.5692,0.12869,-1.332,22.532,0.11496,NA,NA,NA,1,94.649,0.04812,1,84.856,0.05504,NA,NA,NA,NA,NA,NA,"1"
21.417,1,177.68,0.03892,-0.764,70.6236,0.12857,-1.329,22.565,0.11493,NA,NA,NA,1,94.661,0.04812,1,84.868,0.05504,NA,NA,NA,NA,NA,NA,"1"
21.5,1,177.7,0.0389,-0.766,70.6781,0.12847,-1.325,22.597,0.11489,NA,NA,NA,1,94.673,0.04812,1,84.881,0.05504,NA,NA,NA,NA,NA,NA,"1"
21.583,1,177.73,0.03887,-0.769,70.7314,0.12836,-1.322,22.629,0.11487,NA,NA,NA,1,94.686,0.04812,1,84.893,0.05504,NA,NA,NA,NA,NA,NA,"1"
21.667,1,177.75,0.03884,-0.771,70.7838,0.12825,-1.318,22.662,0.11483,NA,NA,NA,1,94.697,0.04812,1,84.906,0.05504,NA,NA,NA,NA,NA,NA,"1"
21.75,1,177.77,0.03882,-0.773,70.834,0.12815,-1.314,22.693,0.1148,NA,NA,NA,1,94.709,0.04812,1,84.919,0.05504,NA,NA,NA,NA,NA,NA,"1"
21.833,1,177.8,0.03879,-0.775,70.8838,0.12806,-1.311,22.725,0.11477,NA,NA,NA,1,94.721,0.04812,1,84.932,0.05504,NA,NA,NA,NA,NA,NA,"1"
21.917,1,177.82,0.03876,-0.777,70.9334,0.12796,-1.307,22.757,0.11474,NA,NA,NA,1,94.733,0.04812,1,84.945,0.05504,NA,NA,NA,NA,NA,NA,"1"
22,1,177.85,0.03873,-0.779,70.982,0.12786,-1.304,22.788,0.11471,NA,NA,NA,1,94.745,0.04812,1,84.958,0.05504,NA,NA,NA,NA,NA,NA,"1"
22.083,1,177.88,0.03871,-0.781,71.0297,0.12776,-1.3,22.82,0.11468,NA,NA,NA,1,94.757,0.04812,1,84.971,0.05504,NA,NA,NA,NA,NA,NA,"1"
22.167,1,177.91,0.03867,-0.783,71.0773,0.12767,-1.297,22.851,0.11464,NA,NA,NA,1,94.769,0.04812,1,84.984,0.05504,NA,NA,NA,NA,NA,NA,"1"
22.25,1,177.94,0.03864,-0.785,71.124,0.12758,-1.293,22.882,0.11461,NA,NA,NA,1,94.781,0.04812,1,84.996,0.05504,NA,NA,NA,NA,NA,NA,"1"
22.333,1,177.97,0.03861,-0.787,71.1714,0.12749,-1.29,22.913,0.11458,NA,NA,NA,1,94.793,0.04812,1,85.009,0.05504,NA,NA,NA,NA,NA,NA,"1"
22.417,1,178,0.03858,-0.789,71.2176,0.12739,-1.286,22.945,0.11455,NA,NA,NA,1,94.805,0.04812,1,85.022,0.05504,NA,NA,NA,NA,NA,NA,"1"
22.5,1,178.03,0.03854,-0.791,71.2645,0.1273,-1.283,22.975,0.11452,NA,NA,NA,1,94.817,0.04812,1,85.034,0.05504,NA,NA,NA,NA,NA,NA,"1"
22.583,1,178.06,0.03851,-0.793,71.311,0.12721,-1.279,23.005,0.11449,NA,NA,NA,1,94.828,0.04812,1,85.047,0.05504,NA,NA,NA,NA,NA,NA,"1"
22.667,1,178.09,0.03847,-0.795,71.3573,0.12711,-1.276,23.036,0.11446,NA,NA,NA,1,94.839,0.04812,1,85.06,0.05504,NA,NA,NA,NA,NA,NA,"1"
22.75,1,178.13,0.03843,-0.797,71.404,0.12702,-1.272,23.067,0.11443,NA,NA,NA,1,94.85,0.04812,1,85.072,0.05504,NA,NA,NA,NA,NA,NA,"1"
22.833,1,178.16,0.0384,-0.799,71.4502,0.12693,-1.269,23.097,0.1144,NA,NA,NA,1,94.861,0.04812,1,85.085,0.05504,NA,NA,NA,NA,NA,NA,"1"
22.917,1,178.2,0.03836,-0.8,71.4964,0.12684,-1.266,23.127,0.11437,NA,NA,NA,1,94.872,0.04812,1,85.097,0.05504,NA,NA,NA,NA,NA,NA,"1"
23,1,178.23,0.03833,-0.802,71.538,0.12676,-1.263,23.154,0.11434,NA,NA,NA,1,94.884,0.04812,1,85.109,0.05504,NA,NA,NA,NA,NA,NA,"1"
-0.326,NA,NA,NA,1.101,0.5343,0.18168,NA,NA,NA,1,21.192,0.05803,NA,NA,NA,NA,NA,NA,NA,NA,NA,NA,NA,NA,"2"
-0.307,NA,NA,NA,1.079,0.6428,0.1792,NA,NA,NA,1,22.335,0.05611,NA,NA,NA,NA,NA,NA,NA,NA,NA,NA,NA,NA,"2"
-0.287,NA,NA,NA,1.056,0.7522,0.17673,NA,NA,NA,1,23.415,0.05429,NA,NA,NA,NA,NA,NA,NA,NA,NA,NA,NA,NA,"2"
-0.268,NA,NA,NA,1.034,0.864,0.17422,NA,NA,NA,1,24.439,0.05256,NA,NA,NA,NA,NA,NA,NA,NA,NA,NA,NA,NA,"2"
-0.249,NA,NA,NA,1.011,0.9805,0.17167,NA,NA,NA,1,25.41,0.05092,NA,NA,NA,NA,NA,NA,NA,NA,NA,NA,NA,NA,"2"
-0.23,NA,NA,NA,0.987,1.1045,0.16905,NA,NA,NA,1,26.328,0.04935,NA,NA,NA,NA,NA,NA,NA,NA,NA,NA,NA,NA,"2"
-0.211,NA,NA,NA,0.963,1.239,0.16635,NA,NA,NA,1,27.197,0.04786,NA,NA,NA,NA,NA,NA,NA,NA,NA,NA,NA,NA,"2"
-0.192,NA,NA,NA,0.937,1.3882,0.16357,NA,NA,NA,1,28.018,0.04644,NA,NA,NA,NA,NA,NA,NA,NA,NA,NA,NA,NA,"2"
-0.172,NA,NA,NA,0.911,1.5542,0.1607,NA,NA,NA,1,28.797,0.04509,NA,NA,NA,NA,NA,NA,NA,NA,NA,NA,NA,NA,"2"
-0.153,NA,NA,NA,0.885,1.7366,0.15775,NA,NA,NA,1,29.521,0.04383,NA,NA,NA,NA,NA,NA,NA,NA,NA,NA,NA,NA,"2"
-0.134,1,44.56,0.03919,0.857,1.9331,0.15476,-0.103,9.286,0.10869,1,30.243,0.04258,NA,NA,NA,NA,NA,NA,NA,NA,NA,NA,NA,NA,"2"
-0.115,1,45.37,0.03891,0.83,2.1408,0.15174,-0.16,10.023,0.10534,1,30.92,0.04142,NA,NA,NA,NA,NA,NA,NA,NA,NA,NA,NA,NA,"2"
-0.096,1,46.18,0.03864,0.801,2.3558,0.14871,-0.211,10.668,0.10238,1,31.571,0.04032,NA,NA,NA,NA,NA,NA,NA,NA,NA,NA,NA,NA,"2"
-0.077,1,46.99,0.03836,0.773,2.574,0.14571,-0.256,11.237,0.09974,1,32.199,0.03929,NA,NA,NA,NA,NA,NA,NA,NA,NA,NA,NA,NA,"2"
-0.057,1,47.8,0.03808,0.745,2.791,0.14277,-0.297,11.745,0.09734,1,32.807,0.03831,NA,NA,NA,NA,NA,NA,NA,NA,NA,NA,NA,NA,"2"
-0.038,1,48.61,0.0378,0.717,3.0029,0.13989,-0.335,12.205,0.09518,1,33.4,0.03739,NA,NA,NA,NA,NA,NA,NA,NA,NA,NA,NA,NA,"2"
-0.019,1,49.41,0.03752,0.689,3.2074,0.13712,-0.371,12.632,0.09323,1,33.977,0.03653,NA,NA,NA,NA,NA,NA,NA,NA,NA,NA,NA,NA,"2"
0,1,50.22,0.03725,0.662,3.4031,0.13447,-0.406,13.028,0.09146,1,34.543,0.03572,1,34.676,0.0438,1,16.658,0.05284,NA,NA,NA,NA,NA,NA,"2"
0.083,1,53.69,0.03607,0.548,4.2265,0.12462,-0.543,14.495,0.08581,1,36.85,0.03275,1,36.238,0.0438,1,17.787,0.05284,NA,NA,NA,NA,NA,NA,"2"
0.167,1,56.91,0.03498,0.444,5.0502,0.11729,-0.657,15.551,0.0828,1,38.783,0.03055,1,37.761,0.0438,1,18.902,0.05284,NA,NA,NA,NA,NA,NA,"2"
0.25,1,59.73,0.03404,0.351,5.8017,0.11207,-0.751,16.253,0.08119,1,40.312,0.02893,1,39.215,0.0438,1,19.996,0.05284,NA,NA,NA,NA,NA,NA,"2"
0.333,1,62.11,0.03331,0.27,6.4533,0.10852,-0.824,16.728,0.08024,1,41.526,0.02776,1,40.569,0.0438,1,21.053,0.05284,NA,NA,NA,NA,NA,NA,"2"
0.417,1,64.11,0.03278,0.2,7.0096,0.10618,-0.881,17.047,0.07955,1,42.528,0.02693,1,41.831,0.0438,1,22.069,0.05284,NA,NA,NA,NA,NA,NA,"2"
0.5,1,65.82,0.03245,0.14,7.4853,0.10471,-0.924,17.248,0.07898,1,43.374,0.02634,1,42.971,0.0438,1,23.026,0.05284,NA,NA,NA,NA,NA,NA,"2"
0.583,1,67.36,0.03227,0.089,7.8997,0.10385,-0.955,17.361,0.07851,1,44.098,0.02592,1,43.993,0.0438,1,23.927,0.05284,NA,NA,NA,NA,NA,NA,"2"
0.667,1,68.77,0.03222,0.045,8.2678,0.10339,-0.977,17.409,0.07813,1,44.721,0.02563,1,44.908,0.0438,1,24.775,0.05284,NA,NA,NA,NA,NA,NA,"2"
0.75,1,70.12,0.03228,0.007,8.6007,0.10323,-0.993,17.408,0.07783,1,45.257,0.02542,1,45.726,0.0438,1,25.575,0.05284,NA,NA,NA,NA,NA,NA,"2"
0.833,1,71.42,0.03242,-0.026,8.9067,0.10325,-1.003,17.374,0.07761,1,45.72,0.02527,1,46.46,0.0438,1,26.333,0.05284,NA,NA,NA,NA,NA,NA,"2"
0.917,1,72.69,0.03262,-0.055,9.1915,0.10341,-1.01,17.316,0.0775,1,46.122,0.02515,1,47.122,0.0438,1,27.055,0.05284,NA,NA,NA,NA,NA,NA,"2"
1,1,73.92,0.03287,-0.081,9.4596,0.10366,-1.014,17.245,0.07749,1,46.476,0.02506,1,47.726,0.0438,1,27.747,0.05284,NA,NA,NA,NA,NA,NA,"2"
1.083,1,75.11,0.03314,-0.104,9.7134,0.10399,-1.017,17.168,0.07757,1,46.79,0.025,1,48.278,0.0438,1,28.411,0.05284,NA,NA,NA,NA,NA,NA,"2"
1.167,1,76.27,0.03344,-0.125,9.9543,0.10436,-1.018,17.084,0.07772,1,47.069,0.02494,1,48.794,0.0438,1,29.059,0.05284,NA,NA,NA,NA,NA,NA,"2"
1.25,1,77.4,0.03374,-0.145,10.1837,0.10476,-1.02,16.999,0.07794,1,47.326,0.02489,1,49.269,0.0438,1,29.687,0.05284,NA,NA,NA,NA,NA,NA,"2"
1.333,1,78.48,0.03405,-0.163,10.4031,0.10519,-1.02,16.911,0.07821,1,47.56,0.02485,1,49.71,0.0438,1,30.302,0.05284,NA,NA,NA,NA,NA,NA,"2"
1.417,1,79.53,0.03436,-0.18,10.6149,0.10565,-1.021,16.825,0.07851,1,47.781,0.02481,1,50.12,0.0438,1,30.905,0.05284,NA,NA,NA,NA,NA,NA,"2"
1.5,1,80.53,0.03466,-0.195,10.819,0.10612,-1.022,16.741,0.07882,1,47.992,0.02477,1,50.504,0.0438,1,31.499,0.05284,NA,NA,NA,NA,NA,NA,"2"
1.583,1,81.49,0.03495,-0.21,11.0191,0.1066,-1.024,16.662,0.07914,1,48.189,0.02473,1,50.866,0.0438,1,32.083,0.05284,NA,NA,NA,NA,NA,NA,"2"
1.667,1,82.41,0.03523,-0.225,11.2149,0.10709,-1.025,16.589,0.07944,1,48.372,0.02469,1,51.203,0.0438,1,32.649,0.05284,NA,NA,NA,NA,NA,NA,"2"
1.75,1,83.3,0.03549,-0.239,11.408,0.1076,-1.028,16.521,0.07972,1,48.54,0.02464,1,51.538,0.0438,1,33.214,0.05284,NA,NA,NA,NA,NA,NA,"2"
1.833,1,84.16,0.03574,-0.252,11.5991,0.10811,-1.03,16.457,0.07999,1,48.707,0.0246,1,51.852,0.0438,1,33.757,0.05284,NA,NA,NA,NA,NA,NA,"2"
1.917,1,85,0.03597,-0.265,11.7869,0.10863,-1.033,16.395,0.08024,1,48.874,0.02456,1,52.164,0.0438,1,34.298,0.05284,NA,NA,NA,NA,NA,NA,"2"
2,1,85.82,0.03618,-0.278,11.973,0.10916,-1.036,16.336,0.08049,1,49.024,0.02451,1,52.464,0.0438,1,34.817,0.05284,NA,NA,NA,NA,NA,NA,"2"
2.083,1,86.62,0.03639,-0.29,12.158,0.1097,-1.039,16.28,0.08073,1,49.167,0.02447,1,52.76,0.0438,1,35.329,0.05284,NA,NA,NA,NA,NA,NA,"2"
2.167,1,87.41,0.03659,-0.302,12.3419,0.11025,-1.042,16.227,0.08097,1,49.302,0.02442,1,53.049,0.0438,1,35.82,0.05284,NA,NA,NA,NA,NA,NA,"2"
2.25,1,88.18,0.03678,-0.314,12.526,0.11081,-1.046,16.178,0.0812,1,49.43,0.02438,1,53.334,0.0438,1,36.296,0.05284,NA,NA,NA,NA,NA,NA,"2"
2.333,1,88.94,0.03696,-0.326,12.7111,0.11139,-1.05,16.133,0.08142,1,49.552,0.02433,1,53.619,0.0438,1,36.772,0.05284,NA,NA,NA,NA,NA,NA,"2"
2.417,1,89.68,0.03713,-0.337,12.8959,0.11197,-1.053,16.093,0.08164,1,49.666,0.02428,1,53.896,0.0438,1,37.222,0.05284,NA,NA,NA,NA,NA,NA,"2"
2.5,1,90.42,0.0373,-0.348,13.081,0.11257,-1.057,16.055,0.08185,1,49.777,0.02423,1,54.172,0.0438,1,37.669,0.05284,NA,NA,NA,NA,NA,NA,"2"
2.583,1,91.14,0.03747,-0.359,13.2661,0.11317,-1.062,16.021,0.08207,1,49.881,0.02418,1,54.442,0.0438,1,38.096,0.05284,NA,NA,NA,NA,NA,NA,"2"
2.667,1,91.84,0.03762,-0.37,13.4489,0.11378,-1.066,15.989,0.08229,1,49.98,0.02414,1,54.708,0.0438,1,38.51,0.05284,NA,NA,NA,NA,NA,NA,"2"
2.75,1,92.54,0.03777,-0.381,13.631,0.11439,-1.07,15.959,0.08251,1,50.074,0.02409,1,54.967,0.0438,1,38.908,0.05284,NA,NA,NA,NA,NA,NA,"2"
2.833,1,93.21,0.03792,-0.391,13.8111,0.11502,-1.075,15.931,0.08275,1,50.162,0.02404,1,55.222,0.0438,1,39.297,0.05284,NA,NA,NA,NA,NA,NA,"2"
2.917,1,93.87,0.03806,-0.401,13.9899,0.11565,-1.08,15.905,0.08299,1,50.246,0.02399,1,55.472,0.0438,1,39.675,0.05284,NA,NA,NA,NA,NA,NA,"2"
3,1,94.52,0.03819,-0.411,14.166,0.11629,-1.084,15.881,0.08324,1,50.329,0.02394,1,55.717,0.0438,1,40.044,0.05284,-1.569967,49.20065,0.062516,NA,NA,NA,"2"
3.083,1,95.15,0.03833,-0.421,14.3411,0.11693,-1.089,15.858,0.08351,1,50.407,0.02389,1,55.954,0.0438,1,40.402,0.05284,-1.582369,49.26325,0.062718,NA,NA,NA,"2"
3.167,1,95.76,0.03846,-0.43,14.5139,0.11758,-1.094,15.836,0.08378,1,50.481,0.02385,1,56.186,0.0438,1,40.752,0.05284,-1.594773,49.32587,0.062919,NA,NA,NA,"2"
3.25,1,96.36,0.03859,-0.439,14.685,0.11824,-1.1,15.815,0.08407,1,50.552,0.0238,1,56.415,0.0438,1,41.1,0.05284,-1.607179,49.38851,0.06312,NA,NA,NA,"2"
3.333,1,96.95,0.03871,-0.448,14.8541,0.1189,-1.105,15.796,0.08438,1,50.622,0.02375,1,56.636,0.0438,1,41.44,0.05284,-1.619587,49.45117,0.063321,NA,NA,NA,"2"
3.417,1,97.54,0.03884,-0.457,15.0229,0.11957,-1.111,15.777,0.08469,1,50.687,0.02371,1,56.853,0.0438,1,41.775,0.05284,-1.631996,49.51385,0.063522,NA,NA,NA,"2"
3.5,1,98.11,0.03896,-0.466,15.192,0.12024,-1.116,15.759,0.08502,1,50.753,0.02366,1,57.064,0.0438,1,42.107,0.05284,-1.644404,49.57656,0.063724,NA,NA,NA,"2"
3.583,1,98.69,0.03908,-0.474,15.3591,0.12092,-1.122,15.741,0.08536,1,50.816,0.02362,1,57.27,0.0438,1,42.437,0.05284,-1.656809,49.63927,0.063925,NA,NA,NA,"2"
3.667,1,99.26,0.0392,-0.483,15.5269,0.1216,-1.128,15.724,0.08572,1,50.877,0.02358,1,57.471,0.0438,1,42.767,0.05284,-1.669208,49.70198,0.064126,NA,NA,NA,"2"
3.75,1,99.82,0.03932,-0.491,15.695,0.12229,-1.134,15.707,0.08609,1,50.934,0.02354,1,57.668,0.0438,1,43.096,0.05284,-1.681598,49.76466,0.064326,NA,NA,NA,"2"
3.833,1,100.39,0.03944,-0.5,15.8621,0.12299,-1.14,15.69,0.08647,1,50.991,0.0235,1,57.86,0.0438,1,43.426,0.05284,-1.693975,49.82729,0.064527,NA,NA,NA,"2"
3.917,1,100.96,0.03955,-0.508,16.0299,0.1237,-1.145,15.673,0.08687,1,51.048,0.02346,1,58.047,0.0438,1,43.756,0.05284,-1.70634,49.88988,0.064727,NA,NA,NA,"2"
4,1,101.54,0.03967,-0.516,16.198,0.1244,-1.151,15.656,0.08728,1,51.104,0.02342,1,58.229,0.0438,1,44.087,0.05284,-1.718691,49.95243,0.064927,NA,NA,NA,"2"
4.083,1,102.12,0.03979,-0.524,16.3661,0.12512,-1.157,15.639,0.0877,1,51.156,0.02339,1,58.406,0.0438,1,44.42,0.05284,-1.731029,50.01493,0.065127,NA,NA,NA,"2"
4.167,1,102.71,0.03992,-0.532,16.5359,0.12584,-1.163,15.622,0.08814,1,51.208,0.02336,1,58.58,0.0438,1,44.754,0.05284,-1.743357,50.07743,0.065326,NA,NA,NA,"2"
4.25,1,103.31,0.04004,-0.539,16.706,0.12657,-1.169,15.605,0.0886,1,51.258,0.02332,1,58.749,0.0438,1,45.089,0.05284,-1.755685,50.13997,0.065525,NA,NA,NA,"2"
4.333,1,103.91,0.04016,-0.547,16.8781,0.12731,-1.175,15.589,0.08906,1,51.309,0.02329,1,58.915,0.0438,1,45.424,0.05284,-1.768021,50.20262,0.065725,NA,NA,NA,"2"
4.417,1,104.53,0.04028,-0.555,17.0519,0.12806,-1.181,15.573,0.08954,1,51.358,0.02326,1,59.078,0.0438,1,45.761,0.05284,-1.780373,50.26543,0.065924,NA,NA,NA,"2"
4.5,1,105.15,0.04041,-0.563,17.227,0.12881,-1.187,15.557,0.09004,1,51.406,0.02323,1,59.239,0.0438,1,46.098,0.05284,-1.79275,50.3285,0.066123,NA,NA,NA,"2"
4.583,1,105.77,0.04053,-0.57,17.4041,0.12957,-1.193,15.542,0.09054,1,51.454,0.02321,1,59.399,0.0438,1,46.436,0.05284,-1.805158,50.39184,0.066323,NA,NA,NA,"2"
4.667,1,106.4,0.04065,-0.578,17.5819,0.13033,-1.198,15.528,0.09106,1,51.501,0.02318,1,59.557,0.0438,1,46.776,0.05284,-1.817602,50.45554,0.066523,NA,NA,NA,"2"
4.75,1,107.02,0.04077,-0.585,17.761,0.1311,-1.204,15.515,0.0916,1,51.546,0.02316,1,59.716,0.0438,1,47.115,0.05284,-1.830095,50.51966,0.066724,-1.111,17.82414,0.1523212,"2"
4.833,1,107.64,0.04088,-0.592,17.9401,0.13186,-1.209,15.503,0.09214,1,51.591,0.02314,1,59.875,0.0438,1,47.454,0.05284,-1.84265,50.58431,0.066925,-1.106996,17.85976,0.152661,"2"
4.917,1,108.26,0.04099,-0.6,18.1198,0.13264,-1.215,15.492,0.0927,1,51.637,0.02311,1,60.036,0.0438,1,47.791,0.05284,-1.855282,50.64959,0.067126,-1.096988,17.94882,0.1535106,"2"
5,1,108.86,0.0411,-0.607,18.299,0.1334,-1.22,15.483,0.09326,1,51.681,0.02309,1,60.199,0.0438,1,48.128,0.05284,-1.868006,50.71559,0.067329,-1.086979,18.03788,0.15436,"2"
5.083,1,109.45,0.0412,-0.614,18.4791,0.13416,-1.225,15.475,0.09384,1,51.725,0.02307,1,60.366,0.0438,1,48.462,0.05284,-1.880837,50.78244,0.067533,-1.07697,18.12697,0.1552093,"2"
5.167,1,110.03,0.0413,-0.621,18.6581,0.13493,-1.231,15.468,0.09443,1,51.768,0.02306,1,60.534,0.0438,1,48.796,0.05284,-1.893787,50.85025,0.067738,-1.066962,18.2161,0.1560581,"2"
5.25,1,110.6,0.0414,-0.627,18.837,0.13569,-1.236,15.463,0.09503,1,51.81,0.02304,1,60.708,0.0438,1,49.126,0.05284,-1.906866,50.9191,0.067945,-1.056953,18.30532,0.1569064,"2"
5.333,1,111.16,0.04149,-0.634,19.017,0.13643,-1.241,15.46,0.09563,1,51.852,0.02303,1,60.885,0.0438,1,49.455,0.05284,-1.920084,50.98909,0.068153,-1.046945,18.39463,0.1577537,"2"
5.417,1,111.71,0.04157,-0.64,19.1967,0.13719,-1.245,15.457,0.09624,1,51.893,0.02301,1,61.067,0.0438,1,49.78,0.05284,-1.933452,51.06036,0.068363,-1.036936,18.48408,0.1585998,"2"
5.5,1,112.24,0.04165,-0.647,19.377,0.13794,-1.25,15.457,0.09686,1,51.934,0.023,1,61.253,0.0438,1,50.104,0.05284,-1.946981,51.13301,0.068574,-1.026928,18.57367,0.1594443,"2"
5.583,1,112.77,0.04173,-0.653,19.5581,0.13868,-1.255,15.458,0.09749,1,51.975,0.02299,1,61.443,0.0438,1,50.427,0.05284,-1.960679,51.20716,0.068788,-1.016919,18.6634,0.1602869,"2"
5.667,1,113.29,0.0418,-0.659,19.7404,0.13942,-1.26,15.461,0.09812,1,52.014,0.02298,1,61.637,0.0438,1,50.748,0.05284,-1.974554,51.28291,0.069004,-1.00691,18.75327,0.1611272,"2"
5.75,1,113.81,0.04187,-0.665,19.925,0.14016,-1.264,15.465,0.09875,1,52.053,0.02297,1,61.835,0.0438,1,51.068,0.05284,-1.988613,51.36041,0.069222,-0.9969019,18.84323,0.1619649,"2"
5.833,1,114.32,0.04194,-0.672,20.11,0.1409,-1.269,15.47,0.0994,1,52.092,0.02296,1,62.036,0.0438,1,51.387,0.05284,-2.002864,51.43977,0.069443,-0.9868934,18.93325,0.1627998,"2"
5.917,1,114.82,0.042,-0.678,20.2972,0.14165,-1.273,15.477,0.10004,1,52.131,0.02295,1,62.242,0.0438,1,51.704,0.05284,-2.017308,51.52113,0.069667,-0.9768848,19.02329,0.1636316,"2"
6,1,115.33,0.04206,-0.684,20.486,0.14239,-1.277,15.485,0.10069,1,52.169,0.02294,1,62.451,0.0438,1,52.02,0.05284,-2.031939,51.60456,0.069894,-0.9668762,19.11331,0.1644599,"2"
6.083,1,115.83,0.04212,-0.689,20.6778,0.14315,-1.281,15.494,0.10135,1,52.207,0.02294,1,62.663,0.0438,1,52.335,0.05284,-2.046744,51.69012,0.070124,-0.9568676,19.20326,0.1652843,"2"
6.167,1,116.33,0.04217,-0.695,20.871,0.14391,-1.286,15.506,0.102,1,52.244,0.02293,1,62.878,0.0438,1,52.649,0.05284,-2.061702,51.77779,0.070357,-0.9468591,19.29312,0.1661045,"2"
6.25,1,116.82,0.04222,-0.701,21.066,0.14468,-1.289,15.517,0.10266,1,52.281,0.02293,1,63.096,0.0438,1,52.96,0.05284,-2.076783,51.86753,0.070593,-0.9368505,19.38286,0.1669199,"2"
6.333,1,117.31,0.04227,-0.707,21.2629,0.14547,-1.293,15.53,0.10332,1,52.318,0.02293,1,63.316,0.0438,1,53.269,0.05284,-2.091967,51.95938,0.070832,-0.9268419,19.47247,0.16773,"2"
6.417,1,117.81,0.04232,-0.712,21.4633,0.14626,-1.297,15.544,0.10397,1,52.355,0.02293,1,63.539,0.0438,1,53.578,0.05284,-2.107234,52.05338,0.071073,-0.9168333,19.5619,0.1685345,"2"
6.5,1,118.3,0.04237,-0.718,21.667,0.14706,-1.301,15.56,0.10463,1,52.391,0.02292,1,63.764,0.0438,1,53.883,0.05284,-2.122558,52.14957,0.071317,-0.9068248,19.65112,0.1693332,"2"
6.583,1,118.79,0.04241,-0.723,21.8742,0.14788,-1.304,15.577,0.10529,1,52.427,0.02292,1,63.992,0.0438,1,54.186,0.05284,-2.137911,52.24798,0.071563,-0.8968162,19.7401,0.1701257,"2"
6.667,1,119.28,0.04246,-0.729,22.086,0.14872,-1.308,15.596,0.10595,1,52.462,0.02292,1,64.221,0.0438,1,54.487,0.05284,-2.15326,52.34856,0.071812,-0.8868076,19.82883,0.170912,"2"
6.75,1,119.77,0.0425,-0.734,22.302,0.14958,-1.311,15.614,0.1066,1,52.498,0.02293,1,64.451,0.0438,1,54.785,0.05284,-2.168563,52.45123,0.072062,-0.876799,19.91727,0.1716916,"2"
6.833,1,120.26,0.04254,-0.739,22.5234,0.15045,-1.314,15.635,0.10725,1,52.533,0.02293,1,64.682,0.0438,1,55.082,0.05284,-2.183776,52.55584,0.072314,-0.8667904,20.00536,0.1724641,"2"
6.917,1,120.77,0.04258,-0.744,22.749,0.15134,-1.317,15.656,0.10789,1,52.568,0.02293,1,64.915,0.0438,1,55.376,0.05284,-2.198855,52.66222,0.072567,-0.8567818,20.09306,0.1732294,"2"
7,1,121.27,0.04261,-0.749,22.98,0.15225,-1.32,15.677,0.10854,1,52.604,0.02293,1,65.148,0.0438,1,55.668,0.05284,-2.213752,52.77018,0.072821,-0.8467732,20.18033,0.173987,"2"
7.083,1,121.77,0.04265,-0.754,23.2141,0.15317,-1.323,15.7,0.10918,1,52.638,0.02294,1,65.382,0.0438,1,55.957,0.05284,-2.228414,52.87951,0.073076,-0.8367646,20.26715,0.1747367,"2"
7.167,1,122.28,0.04268,-0.758,23.4517,0.15409,-1.325,15.723,0.10981,1,52.673,0.02294,1,65.616,0.0438,1,56.245,0.05284,-2.242783,52.98993,0.07333,-0.826756,20.35347,0.1754783,"2"
7.25,1,122.79,0.04271,-0.762,23.691,0.155,-1.328,15.748,0.11044,1,52.707,0.02295,1,65.851,0.0438,1,56.53,0.05284,-2.2568,53.10114,0.073583,-0.8167474,20.43927,0.1762116,"2"
7.333,1,123.31,0.04273,-0.766,23.933,0.15591,-1.33,15.772,0.11106,1,52.741,0.02296,1,66.087,0.0438,1,56.815,0.05284,-2.270415,53.21285,0.073835,-0.8067387,20.52454,0.1769361,"2"
7.417,1,123.82,0.04276,-0.77,24.1756,0.15682,-1.332,15.798,0.11167,1,52.775,0.02296,1,66.322,0.0438,1,57.098,0.05284,-2.283592,53.32485,0.074086,-0.7967301,20.60923,0.1776516,"2"
7.5,1,124.33,0.04278,-0.774,24.419,0.15772,-1.334,15.824,0.11228,1,52.809,0.02297,1,66.557,0.0438,1,57.381,0.05284,-2.296302,53.43692,0.074334,-0.7867215,20.69334,0.178358,"2"
7.583,1,124.84,0.04281,-0.777,24.6625,0.1586,-1.336,15.85,0.11288,1,52.842,0.02298,1,66.791,0.0438,1,57.662,0.05284,-2.308517,53.54886,0.07458,-0.7767128,20.77685,0.179055,"2"
7.667,1,125.34,0.04284,-0.78,24.907,0.15947,-1.338,15.877,0.11346,1,52.876,0.02299,1,67.025,0.0438,1,57.943,0.05284,-2.320207,53.66046,0.074823,-0.7667041,20.85975,0.1797424,"2"
7.75,1,125.85,0.04287,-0.783,25.153,0.16033,-1.339,15.905,0.11404,1,52.909,0.023,1,67.257,0.0438,1,58.224,0.05284,-2.331347,53.77154,0.075063,-0.7566955,20.94204,0.1804201,"2"
7.833,1,126.35,0.0429,-0.785,25.398,0.16117,-1.341,15.934,0.11461,1,52.942,0.02301,1,67.487,0.0438,1,58.504,0.05284,-2.341917,53.88198,0.075299,-0.7466868,21.0237,0.1810877,"2"
7.917,1,126.85,0.04293,-0.787,25.6434,0.16201,-1.342,15.963,0.11517,1,52.975,0.02302,1,67.717,0.0438,1,58.784,0.05284,-2.351906,53.99168,0.075532,-0.7366781,21.1047,0.1817453,"2"
8,1,127.34,0.04298,-0.789,25.889,0.16282,-1.344,15.993,0.11572,1,53.008,0.02303,1,67.946,0.0438,1,59.065,0.05284,-2.361305,54.10058,0.07576,-0.7266694,21.18503,0.1823924,"2"
8.083,1,127.82,0.04302,-0.79,26.1335,0.16363,-1.345,16.022,0.11625,1,53.041,0.02304,1,68.174,0.0438,1,59.344,0.05284,-2.370108,54.20861,0.075985,-0.7166607,21.26467,0.1830288,"2"
8.167,1,128.3,0.04308,-0.792,26.378,0.16443,-1.345,16.054,0.11679,1,53.073,0.02305,1,68.4,0.0438,1,59.625,0.05284,-2.378314,54.31581,0.076206,-0.706652,21.34357,0.1836541,"2"
8.25,1,128.76,0.04314,-0.792,26.622,0.16521,-1.346,16.085,0.1173,1,53.106,0.02306,1,68.625,0.0438,1,59.905,0.05284,-2.385924,54.42225,0.076422,-0.6966433,21.42171,0.1842678,"2"
8.333,1,129.23,0.04321,-0.793,26.8659,0.16599,-1.347,16.118,0.1178,1,53.138,0.02308,1,68.848,0.0438,1,60.184,0.05284,-2.392938,54.52801,0.076635,-0.6866345,21.49904,0.1848697,"2"
8.417,1,129.69,0.04328,-0.793,27.1105,0.16677,-1.347,16.15,0.1183,1,53.169,0.02309,1,69.068,0.0438,1,60.462,0.05284,-2.399365,54.63318,0.076845,-0.6766258,21.5755,0.1854593,"2"
8.5,1,130.14,0.04336,-0.793,27.355,0.16754,-1.348,16.184,0.11879,1,53.201,0.0231,1,69.287,0.0438,1,60.74,0.05284,-2.405211,54.73782,0.07705,-0.666617,21.65107,0.1860365,"2"
8.583,1,130.59,0.04345,-0.793,27.6011,0.16832,-1.348,16.218,0.11926,1,53.232,0.02312,1,69.505,0.0438,1,61.016,0.05284,-2.41049,54.84203,0.077252,-0.6566083,21.72569,0.1866012,"2"
8.667,1,131.03,0.04354,-0.792,27.85,0.16909,-1.348,16.253,0.11972,1,53.264,0.02313,1,69.722,0.0438,1,61.293,0.05284,-2.415215,54.9459,0.077451,-0.6465995,21.79929,0.1871535,"2"
8.75,1,131.48,0.04364,-0.791,28.101,0.16987,-1.349,16.288,0.12017,1,53.295,0.02315,1,69.937,0.0438,1,61.567,0.05284,-2.419402,55.04957,0.077646,-0.6365907,21.87179,0.1876934,"2"
8.833,1,131.92,0.04375,-0.789,28.3567,0.17064,-1.349,16.324,0.1206,1,53.326,0.02316,1,70.153,0.0438,1,61.842,0.05284,-2.423063,55.15319,0.077837,-0.6265818,21.94311,0.1882211,"2"
8.917,1,132.37,0.04387,-0.787,28.6159,0.17141,-1.348,16.361,0.12103,1,53.357,0.02318,1,70.368,0.0438,1,62.115,0.05284,-2.426206,55.25689,0.078024,-0.616573,22.01318,0.1887364,"2"
9,1,132.82,0.04399,-0.785,28.88,0.17218,-1.348,16.399,0.12144,1,53.387,0.0232,1,70.583,0.0438,1,62.388,0.05284,-2.428843,55.36078,0.078208,-0.6065642,22.08193,0.1892393,"2"
9.083,1,133.27,0.04412,-0.782,29.1481,0.17294,-1.348,16.437,0.12185,1,53.417,0.02321,1,70.798,0.0438,1,62.661,0.05284,-2.430981,55.46495,0.078387,-0.5965553,22.14927,0.1897297,"2"
9.167,1,133.73,0.04426,-0.779,29.4203,0.17369,-1.347,16.475,0.12223,1,53.448,0.02323,1,71.012,0.0438,1,62.935,0.05284,-2.432634,55.56949,0.078562,-0.5865464,22.21518,0.1902076,"2"
9.25,1,134.19,0.0444,-0.776,29.697,0.17445,-1.347,16.515,0.12261,1,53.477,0.02325,1,71.227,0.0438,1,63.21,0.05284,-2.433817,55.67452,0.078732,-0.5765375,22.27958,0.1906729,"2"
9.333,1,134.65,0.04455,-0.772,29.9771,0.1752,-1.346,16.555,0.12298,1,53.507,0.02327,1,71.442,0.0438,1,63.485,0.05284,-2.434552,55.78017,0.078897,-0.5665286,22.34245,0.1911254,"2"
9.417,1,135.12,0.04471,-0.768,30.2597,0.17594,-1.346,16.596,0.12333,1,53.537,0.02328,1,71.656,0.0438,1,63.761,0.05284,-2.434856,55.88662,0.079057,-0.5565196,22.40372,0.1915649,"2"
9.5,1,135.59,0.04487,-0.764,30.545,0.17668,-1.345,16.637,0.12367,1,53.566,0.0233,1,71.871,0.0438,1,64.039,0.05284,-2.434747,55.99401,0.079211,-0.5465106,22.46332,0.1919913,"2"
9.583,1,136.06,0.04504,-0.758,30.8335,0.17742,-1.344,16.679,0.124,1,53.595,0.02332,1,72.087,0.0438,1,64.319,0.05284,-2.434237,56.10255,0.07936,-0.5365017,22.52122,0.1924041,"2"
9.667,1,136.53,0.04521,-0.753,31.1243,0.17816,-1.343,16.722,0.12432,1,53.624,0.02334,1,72.303,0.0438,1,64.599,0.05284,-2.433346,56.21243,0.079502,-0.5264927,22.57737,0.1928034,"2"
9.75,1,137,0.04538,-0.747,31.417,0.17891,-1.342,16.765,0.12462,1,53.653,0.02336,1,72.52,0.0438,1,64.882,0.05284,-2.432087,56.32379,0.079638,-0.5164837,22.63173,0.1931888,"2"
9.833,1,137.48,0.04556,-0.74,31.7122,0.17967,-1.341,16.809,0.12492,1,53.681,0.02338,1,72.739,0.0438,1,65.165,0.05284,-2.430459,56.43675,0.079765,-0.5064746,22.68429,0.1935605,"2"
9.917,1,137.95,0.04574,-0.733,32.0096,0.18044,-1.34,16.853,0.1252,1,53.71,0.0234,1,72.961,0.0438,1,65.451,0.05284,-2.428459,56.55138,0.079886,-0.4964655,22.73501,0.1939182,"2"
10,1,138.43,0.04593,-0.725,32.308,0.18122,-1.339,16.898,0.12547,1,53.738,0.02342,1,73.185,0.0438,1,65.737,0.05284,-2.426084,56.66781,0.079997,-0.4864565,22.78387,0.1942621,"2"
10.083,1,138.9,0.04612,-0.717,32.6075,0.18201,-1.338,16.943,0.12573,1,53.766,0.02344,1,73.413,0.0438,1,66.023,0.05284,-2.423336,56.78622,0.080101,-0.4764473,22.83089,0.1945924,"2"
10.167,1,139.38,0.0463,-0.708,32.9083,0.1828,-1.337,16.99,0.12598,1,53.794,0.02346,1,73.644,0.0438,1,66.31,0.05284,-2.420215,56.90681,0.080195,-0.4664382,22.87609,0.1949091,"2"
10.25,1,139.86,0.04649,-0.699,33.212,0.18359,-1.336,17.036,0.12622,1,53.821,0.02348,1,73.88,0.0438,1,66.597,0.05284,-2.41672,57.0297,0.080279,-0.4564291,22.91952,0.1952125,"2"
10.333,1,140.33,0.04667,-0.69,33.5147,0.18437,-1.334,17.083,0.12644,1,53.848,0.0235,1,74.121,0.0438,1,66.884,0.05284,-2.412847,57.155,0.080352,-0.4464199,22.96124,0.1955028,"2"
10.417,1,140.81,0.04685,-0.68,33.8213,0.18514,-1.333,17.131,0.12666,1,53.875,0.02352,1,74.368,0.0438,1,67.17,0.05284,-2.40859,57.28275,0.080415,-0.4364107,23.00131,0.1957805,"2"
10.5,1,141.28,0.04702,-0.669,34.129,0.18588,-1.332,17.179,0.12687,1,53.902,0.02354,1,74.62,0.0438,1,67.457,0.05284,-2.40395,57.41292,0.080466,-0.4264015,23.03983,0.1960458,"2"
10.583,1,141.76,0.04719,-0.658,34.4393,0.1866,-1.33,17.227,0.12706,1,53.929,0.02356,1,74.878,0.0438,1,67.741,0.05284,-2.39893,57.54552,0.080506,-0.4163923,23.07686,0.1962992,"2"
10.667,1,142.23,0.04734,-0.647,34.7518,0.18729,-1.329,17.277,0.12725,1,53.955,0.02358,1,75.142,0.0438,1,68.025,0.05284,-2.393545,57.68052,0.080535,-0.406383,23.11251,0.1965411,"2"
10.75,1,142.71,0.04749,-0.635,35.068,0.18794,-1.327,17.327,0.12742,1,53.982,0.0236,1,75.411,0.0438,1,68.307,0.05284,-2.387808,57.81794,0.080551,-0.3963737,23.14685,0.1967718,"2"
10.833,1,143.18,0.04762,-0.623,35.3845,0.18855,-1.326,17.377,0.12759,1,54.007,0.02362,1,75.684,0.0438,1,68.587,0.05284,-2.381733,57.95775,0.080555,-0.3863645,23.17997,0.1969919,"2"
10.917,1,143.65,0.04774,-0.61,35.7048,0.18911,-1.324,17.427,0.12774,1,54.033,0.02364,1,75.961,0.0438,1,68.866,0.05284,-2.375335,58.09997,0.080547,-0.3763551,23.21198,0.197202,"2"
11,1,144.12,0.04785,-0.597,36.03,0.18961,-1.322,17.478,0.12789,1,54.06,0.02366,1,76.242,0.0438,1,69.143,0.05284,-2.368631,58.24457,0.080527,-0.3663458,23.24296,0.1974028,"2"
11.083,1,144.59,0.04793,-0.584,36.3582,0.19004,-1.321,17.53,0.12803,1,54.085,0.02369,1,76.527,0.0438,1,69.417,0.05284,-2.361638,58.39149,0.080494,-0.3563365,23.27294,0.1975948,"2"
11.167,1,145.06,0.048,-0.57,36.6911,0.1904,-1.319,17.581,0.12816,1,54.11,0.02371,1,76.813,0.0438,1,69.689,0.05284,-2.354374,58.54064,0.080449,-0.3463271,23.30195,0.1977789,"2"
11.25,1,145.53,0.04805,-0.556,37.029,0.19066,-1.318,17.634,0.12827,1,54.135,0.02373,1,77.102,0.0438,1,69.957,0.05284,-2.34686,58.6919,0.080391,-0.3363177,23.33003,0.1979557,"2"
11.333,1,146,0.04808,-0.541,37.3731,0.19082,-1.316,17.687,0.12838,1,54.16,0.02375,1,77.392,0.0438,1,70.223,0.05284,-2.339108,58.84515,0.080322,-0.3263083,23.35723,0.1981261,"2"
11.417,1,146.47,0.04809,-0.526,37.7197,0.19089,-1.314,17.739,0.12849,1,54.185,0.02377,1,77.684,0.0438,1,70.485,0.05284,-2.331124,59.00022,0.08024,-0.3162989,23.3836,0.1982905,"2"
11.5,1,146.93,0.04808,-0.511,38.074,0.19084,-1.312,17.793,0.12858,1,54.21,0.02379,1,77.976,0.0438,1,70.744,0.05284,-2.322912,59.15686,0.080147,-0.3062895,23.40916,0.1984498,"2"
11.583,1,147.4,0.04805,-0.496,38.4331,0.19067,-1.311,17.846,0.12866,1,54.235,0.02381,1,78.268,0.0438,1,70.998,0.05284,-2.314475,59.31478,0.080044,-0.29628,23.43393,0.1986047,"2"
11.667,1,147.87,0.04799,-0.48,38.7977,0.19039,-1.309,17.9,0.12875,1,54.259,0.02384,1,78.56,0.0438,1,71.247,0.05284,-2.305811,59.47364,0.079931,-0.2862706,23.45795,0.1987559,"2"
11.75,1,148.34,0.04792,-0.465,39.168,0.19,-1.307,17.954,0.12882,1,54.283,0.02386,1,78.851,0.0438,1,71.49,0.05284,-2.296935,59.63309,0.079809,-0.2762611,23.48127,0.1989043,"2"
11.833,1,148.82,0.04782,-0.449,39.5443,0.1895,-1.306,18.008,0.12888,1,54.307,0.02388,1,79.14,0.0438,1,71.729,0.05284,-2.287864,59.79276,0.07968,-0.2662516,23.50393,0.1990505,"2"
11.917,1,149.28,0.0477,-0.434,39.9272,0.18891,-1.304,18.062,0.12894,1,54.331,0.0239,1,79.428,0.0438,1,71.96,0.05284,-2.278616,59.95226,0.079544,-0.2562421,23.526,0.1991953,"2"
12,1,149.76,0.04755,-0.418,40.316,0.18821,-1.302,18.117,0.12899,1,54.355,0.02392,1,79.712,0.0438,1,72.186,0.05284,-2.269204,60.11125,0.079402,-0.2462325,23.54753,0.1993395,"2"
12.083,1,150.24,0.04739,-0.403,40.7118,0.18743,-1.3,18.172,0.12903,1,54.378,0.02394,1,79.992,0.0438,1,72.404,0.05284,-2.259643,60.26948,0.079256,-0.236223,23.56861,0.1994838,"2"
12.167,1,150.71,0.04721,-0.388,41.1136,0.18656,-1.299,18.227,0.12907,1,54.401,0.02396,1,80.266,0.0438,1,72.616,0.05284,-2.24995,60.42673,0.079105,-0.2262134,23.58925,0.1996289,"2"
12.25,1,151.18,0.04701,-0.374,41.5218,0.18563,-1.297,18.281,0.1291,1,54.424,0.02398,1,80.535,0.0438,1,72.819,0.05284,-2.240147,60.5828,0.078951,-0.2162039,23.60951,0.1997757,"2"
12.333,1,151.66,0.0468,-0.36,41.9359,0.18462,-1.295,18.337,0.12913,1,54.447,0.024,1,80.796,0.0438,1,73.016,0.05284,-2.230258,60.73751,0.078795,-0.2061943,23.6294,0.1999246,"2"
12.417,1,152.13,0.04657,-0.347,42.3549,0.18355,-1.293,18.391,0.12915,1,54.47,0.02403,1,81.049,0.0438,1,73.206,0.05284,-2.220308,60.89066,0.078636,-0.1961847,23.64896,0.2000763,"2"
12.5,1,152.6,0.04632,-0.335,42.7779,0.18243,-1.291,18.446,0.12917,1,54.492,0.02405,1,81.294,0.0438,1,73.388,0.05284,-2.210323,61.04207,0.078476,-0.186175,23.66822,0.2002313,"2"
12.583,1,153.06,0.04606,-0.324,43.2045,0.18128,-1.29,18.5,0.12918,1,54.515,0.02407,1,81.532,0.0438,1,73.563,0.05284,-2.200323,61.19159,0.078316,-0.1761654,23.68722,0.2003902,"2"
12.667,1,153.52,0.04579,-0.313,43.6328,0.18009,-1.288,18.555,0.12918,1,54.537,0.02409,1,81.761,0.0438,1,73.73,0.05284,-2.190329,61.33912,0.078155,-0.1661558,23.70598,0.2005536,"2"
12.75,1,153.96,0.04551,-0.304,44.0635,0.17887,-1.286,18.61,0.12919,1,54.559,0.02411,1,81.983,0.0438,1,73.891,0.05284,-2.180361,61.48458,0.077993,-0.1561461,23.72454,0.2007222,"2"
12.833,1,154.41,0.04522,-0.295,44.4952,0.17764,-1.284,18.664,0.12919,1,54.581,0.02413,1,82.197,0.0438,1,74.045,0.05284,-2.170439,61.6279,0.077832,-0.1461365,23.74294,0.2008964,"2"
12.917,1,154.85,0.04492,-0.288,44.9259,0.17641,-1.283,18.718,0.12918,1,54.603,0.02415,1,82.403,0.0438,1,74.192,0.05284,-2.160581,61.76901,0.077672,-0.1361268,23.76121,0.2010767,"2"
13,1,155.28,0.04462,-0.281,45.3568,0.17518,-1.281,18.772,0.12917,1,54.624,0.02417,1,82.603,0.0438,1,74.332,0.05284,-2.150805,61.90788,0.077512,-0.1261171,23.77937,0.2012638,"2"
13.083,1,155.7,0.04431,-0.276,45.7863,0.17395,-1.279,18.825,0.12916,1,54.646,0.02419,1,82.795,0.0438,1,74.467,0.05284,-2.141126,62.04443,0.077354,-0.1161074,23.79741,0.2014581,"2"
13.167,1,156.11,0.044,-0.271,46.2121,0.17275,-1.277,18.88,0.12914,1,54.667,0.02421,1,82.981,0.0438,1,74.596,0.05284,-2.131561,62.17856,0.077197,-0.1060977,23.81535,0.20166,"2"
13.25,1,156.52,0.04369,-0.268,46.6333,0.17156,-1.276,18.932,0.12913,1,54.688,0.02423,1,83.16,0.0438,1,74.719,0.05284,-2.122115,62.31012,0.077041,-0.09608793,23.83318,0.2018698,"2"
13.333,1,156.91,0.04338,-0.266,47.0457,0.1704,-1.274,18.985,0.1291,1,54.71,0.02425,1,83.333,0.0438,1,74.837,0.05284,-2.112789,62.43891,0.076888,-0.08607819,23.85088,0.2020879,"2"
13.417,1,157.28,0.04307,-0.265,47.4516,0.16924,-1.272,19.038,0.12908,1,54.731,0.02427,1,83.499,0.0438,1,74.95,0.05284,-2.103591,62.56481,0.076736,-0.07606843,23.86842,0.2023147,"2"
13.5,1,157.65,0.04276,-0.265,47.8494,0.16809,-1.271,19.09,0.12905,1,54.751,0.02429,1,83.66,0.0438,1,75.057,0.05284,-2.094529,62.68776,0.076587,-0.06605866,23.88575,0.2025505,"2"
13.583,1,158,0.04245,-0.266,48.2413,0.16693,-1.269,19.142,0.12902,1,54.772,0.02431,1,83.817,0.0438,1,75.16,0.05284,-2.085608,62.80767,0.07644,-0.05604888,23.90283,0.2027956,"2"
13.667,1,158.35,0.04215,-0.267,48.6218,0.16579,-1.267,19.194,0.12899,1,54.793,0.02433,1,83.967,0.0438,1,75.259,0.05284,-2.076835,62.92452,0.076296,-0.04603908,23.91963,0.2030503,"2"
13.75,1,158.69,0.04185,-0.27,48.993,0.16465,-1.266,19.244,0.12895,1,54.813,0.02435,1,84.113,0.0438,1,75.352,0.05284,-2.068206,63.03825,0.076154,-0.03602927,23.93611,0.2033147,"2"
13.833,1,159.01,0.04156,-0.274,49.3568,0.1635,-1.264,19.295,0.12892,1,54.833,0.02437,1,84.254,0.0438,1,75.442,0.05284,-2.059718,63.14885,0.076016,-0.02601945,23.95226,0.2035892,"2"
13.917,1,159.31,0.04127,-0.278,49.7081,0.16237,-1.262,19.345,0.12888,1,54.853,0.02439,1,84.39,0.0438,1,75.528,0.05284,-2.051369,63.25637,0.075882,-0.01600962,23.96806,0.2038739,"2"
14,1,159.61,0.041,-0.284,50.052,0.16124,-1.261,19.395,0.12884,1,54.873,0.02441,1,84.521,0.0438,1,75.61,0.05284,-2.043159,63.3609,0.075752,-0.00599977,23.9835,0.2041691,"2"
14.083,1,159.89,0.04073,-0.289,50.3846,0.16014,-1.259,19.445,0.12879,1,54.894,0.02442,1,84.648,0.0438,1,75.688,0.05284,-2.035086,63.46253,0.075627,0.00401009,23.99858,0.2044748,"2"
14.167,1,160.16,0.04046,-0.296,50.7117,0.15904,-1.258,19.493,0.12875,1,54.913,0.02444,1,84.772,0.0438,1,75.764,0.05284,-2.027146,63.56133,0.075507,0.01401996,24.01328,0.2047911,"2"
14.25,1,160.42,0.04021,-0.303,51.024,0.15798,-1.256,19.542,0.1287,1,54.933,0.02446,1,84.89,0.0438,1,75.835,0.05284,-2.019334,63.65742,0.075392,0.02402985,24.02762,0.2051181,"2"
14.333,1,160.67,0.03997,-0.31,51.3267,0.15695,-1.254,19.589,0.12866,1,54.953,0.02448,1,85.004,0.0438,1,75.904,0.05284,-2.011647,63.7509,0.075282,0.03403974,24.0416,0.205456,"2"
14.417,1,160.9,0.03974,-0.318,51.621,0.15595,-1.253,19.637,0.12861,1,54.972,0.0245,1,85.115,0.0438,1,75.97,0.05284,-2.004081,63.84191,0.075177,0.04404965,24.05524,0.2058046,"2"
14.5,1,161.12,0.03952,-0.326,51.903,0.15499,-1.251,19.684,0.12856,1,54.992,0.02452,1,85.222,0.0438,1,76.033,0.05284,-1.996631,63.93055,0.075078,0.05405957,24.06855,0.2061641,"2"
14.583,1,161.32,0.03931,-0.335,52.176,0.15406,-1.25,19.73,0.12851,1,55.011,0.02454,1,85.327,0.0438,1,76.095,0.05284,-1.98929,64.01694,0.074983,0.0640695,24.08157,0.2065345,"2"
14.667,1,161.52,0.0391,-0.343,52.4404,0.15316,-1.248,19.776,0.12846,1,55.03,0.02455,1,85.429,0.0438,1,76.153,0.05284,-1.982053,64.10117,0.074893,0.07407945,24.09431,0.2069157,"2"
14.75,1,161.71,0.03892,-0.352,52.693,0.15232,-1.247,19.822,0.1284,1,55.049,0.02457,1,85.527,0.0438,1,76.21,0.05284,-1.974913,64.1834,0.074808,0.08408941,24.10679,0.2073077,"2"
14.833,1,161.88,0.03874,-0.361,52.9367,0.15152,-1.245,19.866,0.12835,1,55.068,0.02459,1,85.622,0.0438,1,76.263,0.05284,-1.967868,64.26376,0.074728,0.09409937,24.11905,0.2077104,"2"
14.917,1,162.03,0.03858,-0.369,53.1707,0.15075,-1.244,19.911,0.1283,1,55.087,0.02461,1,85.716,0.0438,1,76.315,0.05284,-1.960913,64.34243,0.074652,0.1041093,24.13108,0.2081237,"2"
15,1,162.18,0.03842,-0.378,53.3947,0.15005,-1.242,19.955,0.12824,1,55.106,0.02462,1,85.807,0.0438,1,76.365,0.05284,-1.954043,64.41958,0.07458,0.1141193,24.14293,0.2085476,"2"
15.083,1,162.32,0.03828,-0.386,53.6118,0.14938,-1.241,19.998,0.12819,1,55.124,0.02464,1,85.895,0.0438,1,76.413,0.05284,-1.947252,64.49539,0.074512,0.1241293,24.15459,0.2089818,"2"
15.167,1,162.44,0.03815,-0.395,53.8203,0.14875,-1.239,20.041,0.12813,1,55.142,0.02466,1,85.982,0.0438,1,76.458,0.05284,-1.940531,64.57001,0.074448,0.1341393,24.1661,0.2094261,"2"
15.25,1,162.56,0.03803,-0.403,54.022,0.14817,-1.238,20.083,0.12807,1,55.161,0.02468,1,86.065,0.0438,1,76.502,0.05284,-1.933873,64.64359,0.074388,0.1441493,24.17747,0.2098805,"2"
15.333,1,162.66,0.03792,-0.412,54.2157,0.14763,-1.236,20.124,0.12802,1,55.179,0.0247,1,86.147,0.0438,1,76.544,0.05284,-1.927267,64.71622,0.074331,0.1541594,24.18872,0.2103447,"2"
15.417,1,162.76,0.03782,-0.42,54.4033,0.14713,-1.235,20.166,0.12796,1,55.197,0.02471,1,86.228,0.0438,1,76.584,0.05284,-1.920707,64.78803,0.074277,0.1641694,24.1999,0.2108185,"2"
15.5,1,162.85,0.03772,-0.428,54.5842,0.14668,-1.233,20.206,0.1279,1,55.215,0.02473,1,86.305,0.0438,1,76.622,0.05284,-1.914184,64.8591,0.074226,0.1741794,24.211,0.2113015,"2"
15.583,1,162.92,0.03764,-0.436,54.7587,0.14625,-1.232,20.246,0.12785,1,55.234,0.02475,1,86.381,0.0438,1,76.657,0.05284,-1.907689,64.9295,0.074177,0.1841895,24.22208,0.2117936,"2"
15.667,1,163,0.03756,-0.443,54.9271,0.14587,-1.231,20.285,0.12779,1,55.251,0.02476,1,86.455,0.0438,1,76.691,0.05284,-1.901214,64.99933,0.074131,0.1941996,24.23316,0.2122942,"2"
15.75,1,163.06,0.03749,-0.451,55.0889,0.14551,-1.229,20.324,0.12773,1,55.269,0.02478,1,86.528,0.0438,1,76.723,0.05284,-1.894747,65.06866,0.074087,0.2042096,24.24426,0.2128031,"2"
15.833,1,163.12,0.03743,-0.458,55.244,0.14518,-1.228,20.363,0.12768,1,55.286,0.0248,1,86.598,0.0438,1,76.753,0.05284,-1.888278,65.13759,0.074044,0.2142197,24.2554,0.2133196,"2"
15.917,1,163.18,0.03737,-0.465,55.3943,0.14487,-1.226,20.401,0.12762,1,55.304,0.02481,1,86.667,0.0438,1,76.78,0.05284,-1.881799,65.20619,0.074003,0.2242298,24.26661,0.2138434,"2"
16,1,163.22,0.03732,-0.472,55.538,0.14459,-1.225,20.438,0.12757,1,55.321,0.02483,1,86.734,0.0438,1,76.806,0.05284,-1.875303,65.27452,0.073963,0.2342399,24.2779,0.2143739,"2"
16.083,1,163.27,0.03728,-0.479,55.6765,0.14433,-1.224,20.475,0.12751,1,55.339,0.02485,1,86.799,0.0438,1,76.83,0.05284,-1.868785,65.34261,0.073924,0.24425,24.28929,0.2149107,"2"
16.167,1,163.3,0.03723,-0.485,55.8086,0.14409,-1.222,20.511,0.12745,1,55.355,0.02486,1,86.863,0.0438,1,76.851,0.05284,-1.862244,65.41051,0.073886,0.2542601,24.30081,0.2154533,"2"
16.25,1,163.34,0.0372,-0.491,55.9355,0.14387,-1.221,20.547,0.1274,1,55.373,0.02488,1,86.924,0.0438,1,76.871,0.05284,-1.855679,65.47822,0.073848,0.2642702,24.31246,0.2160013,"2"
16.333,1,163.37,0.03716,-0.497,56.0561,0.14366,-1.22,20.582,0.12734,1,55.39,0.02489,1,86.983,0.0438,1,76.888,0.05284,-1.849089,65.54575,0.073811,0.2742803,24.32425,0.2165542,"2"
16.417,1,163.4,0.03713,-0.503,56.1713,0.14347,-1.218,20.617,0.12729,1,55.406,0.02491,1,87.041,0.0438,1,76.904,0.05284,-1.842477,65.61311,0.073775,0.2842904,24.33623,0.2171116,"2"
16.5,1,163.42,0.03711,-0.508,56.2816,0.1433,-1.217,20.652,0.12723,1,55.424,0.02493,1,87.097,0.0438,1,76.918,0.05284,-1.835842,65.68033,0.073739,0.2943006,24.34839,0.2176733,"2"
16.583,1,163.45,0.03708,-0.513,56.3863,0.14314,-1.216,20.685,0.12718,1,55.441,0.02494,1,87.151,0.0438,1,76.93,0.05284,-1.829187,65.74741,0.073704,0.3043107,24.36079,0.2182388,"2"
16.667,1,163.46,0.03707,-0.518,56.4854,0.14299,-1.214,20.718,0.12712,1,55.457,0.02496,1,87.203,0.0438,1,76.94,0.05284,-1.822515,65.81441,0.073669,0.3143209,24.37343,0.2188078,"2"
16.75,1,163.48,0.03705,-0.523,56.581,0.14286,-1.213,20.751,0.12707,1,55.474,0.02497,1,87.252,0.0438,1,76.949,0.05284,-1.815829,65.88132,0.073634,0.324331,24.38636,0.2193799,"2"
16.833,1,163.49,0.03704,-0.528,56.6713,0.14274,-1.212,20.783,0.12702,1,55.491,0.02499,1,87.3,0.0438,1,76.957,0.05284,-1.809133,65.94817,0.0736,0.3343411,24.39961,0.219955,"2"
16.917,1,163.5,0.03703,-0.532,56.7567,0.14262,-1.21,20.816,0.12696,1,55.506,0.02501,1,87.346,0.0438,1,76.962,0.05284,-1.802433,66.015,0.073566,0.3443513,24.41321,0.2205327,"2"
17,1,163.51,0.03702,-0.536,56.838,0.14252,-1.209,20.847,0.12691,1,55.52,0.02501,1,87.389,0.0438,1,76.967,0.05284,-1.79573,66.08182,0.073532,0.3543614,24.42719,0.2211129,"2"
17.083,1,163.51,0.03701,-0.54,56.9163,0.14243,-1.208,20.878,0.12686,NA,NA,NA,1,87.43,0.0438,1,76.971,0.05284,NA,NA,NA,0.3643716,24.44159,0.2216952,"2"
17.167,1,163.52,0.03701,-0.544,56.9892,0.14234,-1.206,20.908,0.12681,NA,NA,NA,1,87.468,0.0438,1,76.973,0.05284,NA,NA,NA,0.3743818,24.45642,0.2222794,"2"
17.25,1,163.52,0.03701,-0.547,57.059,0.14226,-1.205,20.938,0.12676,NA,NA,NA,1,87.505,0.0438,1,76.974,0.05284,NA,NA,NA,0.3843919,24.47169,0.2228652,"2"
17.333,1,163.52,0.03701,-0.551,57.1247,0.14218,-1.204,20.968,0.12671,NA,NA,NA,1,87.54,0.0438,1,76.974,0.05284,NA,NA,NA,0.3944021,24.48745,0.2234522,"2"
17.417,1,163.52,0.037,-0.554,57.1875,0.14211,-1.203,20.997,0.12666,NA,NA,NA,1,87.573,0.0438,1,76.975,0.05284,NA,NA,NA,0.4044123,24.50369,0.22404,"2"
17.5,1,163.53,0.037,-0.557,57.2469,0.14204,-1.201,21.026,0.1266,NA,NA,NA,1,87.603,0.0438,1,76.977,0.05284,NA,NA,NA,0.4144225,24.52042,0.2246286,"2"
17.583,1,163.53,0.03699,-0.56,57.3041,0.14198,-1.2,21.054,0.12656,NA,NA,NA,1,87.631,0.0438,1,76.979,0.05284,NA,NA,NA,0.4244326,24.53762,0.2252175,"2"
17.667,1,163.54,0.03699,-0.563,57.357,0.14192,-1.199,21.082,0.1265,NA,NA,NA,1,87.657,0.0438,1,76.983,0.05284,NA,NA,NA,0.4344428,24.55529,0.2258068,"2"
17.75,1,163.55,0.03698,-0.565,57.407,0.14187,-1.197,21.11,0.12646,NA,NA,NA,1,87.681,0.0438,1,76.987,0.05284,NA,NA,NA,0.4444529,24.57342,0.2263961,"2"
17.833,1,163.56,0.03697,-0.568,57.4557,0.14182,-1.196,21.137,0.12641,NA,NA,NA,1,87.703,0.0438,1,76.992,0.05284,NA,NA,NA,0.4544631,24.59198,0.2269854,"2"
17.917,1,163.57,0.03696,-0.57,57.5008,0.14177,-1.195,21.164,0.12636,NA,NA,NA,1,87.722,0.0438,1,76.998,0.05284,NA,NA,NA,0.4644733,24.61094,0.2275746,"2"
18,1,163.57,0.03695,-0.572,57.544,0.14173,-1.194,21.19,0.12631,NA,NA,NA,1,87.741,0.0438,1,77.004,0.05284,NA,NA,NA,0.4744835,24.63026,0.2281636,"2"
18.083,1,163.58,0.03695,-0.574,57.5847,0.14168,-1.193,21.216,0.12627,NA,NA,NA,1,87.759,0.0438,1,77.012,0.05284,NA,NA,NA,0.4844936,24.6499,0.2287522,"2"
18.167,1,163.59,0.03694,-0.576,57.6235,0.14165,-1.191,21.242,0.12622,NA,NA,NA,1,87.775,0.0438,1,77.019,0.05284,NA,NA,NA,0.4945038,24.66984,0.2293404,"2"
18.25,1,163.6,0.03693,-0.578,57.66,0.14161,-1.19,21.267,0.12617,NA,NA,NA,1,87.791,0.0438,1,77.027,0.05284,NA,NA,NA,0.504514,24.69003,0.2299281,"2"
18.333,1,163.6,0.03693,-0.58,57.6953,0.14157,-1.189,21.293,0.12613,NA,NA,NA,1,87.806,0.0438,1,77.035,0.05284,NA,NA,NA,0.5145242,24.71045,0.2305153,"2"
18.417,1,163.61,0.03692,-0.582,57.7288,0.14154,-1.188,21.317,0.12608,NA,NA,NA,1,87.821,0.0438,1,77.043,0.05284,NA,NA,NA,0.5245343,24.73105,0.2311018,"2"
18.5,1,163.61,0.03692,-0.583,57.76,0.14151,-1.186,21.342,0.12604,NA,NA,NA,1,87.836,0.0438,1,77.052,0.05284,NA,NA,NA,0.5345445,24.7518,0.2316878,"2"
18.583,1,163.62,0.03691,-0.585,57.7904,0.14148,-1.185,21.366,0.126,NA,NA,NA,1,87.851,0.0438,1,77.061,0.05284,NA,NA,NA,0.5445547,24.77267,0.2322732,"2"
18.667,1,163.62,0.03691,-0.586,57.8199,0.14145,-1.184,21.39,0.12595,NA,NA,NA,1,87.866,0.0438,1,77.07,0.05284,NA,NA,NA,0.5545648,24.79363,0.232858,"2"
18.75,1,163.62,0.03691,-0.588,57.847,0.14142,-1.183,21.413,0.12591,NA,NA,NA,1,87.882,0.0438,1,77.078,0.05284,NA,NA,NA,0.564575,24.81466,0.2334421,"2"
18.833,1,163.63,0.03691,-0.589,57.8728,0.1414,-1.181,21.436,0.12587,NA,NA,NA,1,87.898,0.0438,1,77.087,0.05284,NA,NA,NA,0.5745852,24.83573,0.2340256,"2"
18.917,1,163.63,0.03691,-0.59,57.897,0.14137,-1.18,21.459,0.12582,NA,NA,NA,1,87.914,0.0438,1,77.096,0.05284,NA,NA,NA,0.5845954,24.85684,0.2346086,"2"
19,1,163.63,0.03691,-0.591,57.92,0.14135,-1.179,21.482,0.12578,NA,NA,NA,1,87.93,0.0438,1,77.104,0.05284,NA,NA,NA,0.5946055,24.87795,0.235191,"2"
19.083,1,163.63,0.03691,-0.593,57.9421,0.14133,-1.178,21.504,0.12574,NA,NA,NA,1,87.945,0.0438,1,77.113,0.05284,NA,NA,NA,0.6046157,24.89906,0.2357728,"2"
19.167,1,163.63,0.03691,-0.594,57.9627,0.14131,-1.177,21.527,0.1257,NA,NA,NA,1,87.961,0.0438,1,77.122,0.05284,NA,NA,NA,0.6146259,24.92017,0.2363541,"2"
19.25,1,163.63,0.03691,-0.595,57.982,0.14129,-1.175,21.548,0.12566,NA,NA,NA,1,87.979,0.0438,1,77.129,0.05284,NA,NA,NA,0.6246361,24.94127,0.2369347,"2"
19.333,1,163.63,0.03691,-0.595,58.0002,0.14127,-1.174,21.57,0.12561,NA,NA,NA,1,87.997,0.0438,1,77.136,0.05284,NA,NA,NA,0.6346462,24.96235,0.2375148,"2"
19.417,1,163.63,0.03691,-0.596,58.0164,0.14126,-1.173,21.591,0.12558,NA,NA,NA,1,88.015,0.0438,1,77.143,0.05284,NA,NA,NA,0.6446564,24.98343,0.2380946,"2"
19.5,1,163.63,0.0369,-0.597,58.032,0.14124,-1.172,21.612,0.12554,NA,NA,NA,1,88.034,0.0438,1,77.15,0.05284,NA,NA,NA,0.6546665,25.00449,0.238674,"2"
19.583,1,163.63,0.0369,-0.598,58.0464,0.14123,-1.171,21.633,0.1255,NA,NA,NA,1,88.058,0.0438,1,77.152,0.05284,NA,NA,NA,0.6646767,25.02554,0.2392533,"2"
19.667,1,163.63,0.0369,-0.599,58.0597,0.14122,-1.169,21.653,0.12546,NA,NA,NA,1,88.082,0.0438,1,77.154,0.05284,NA,NA,NA,0.6746869,25.04657,0.2398323,"2"
19.75,1,163.63,0.0369,-0.599,58.072,0.1412,-1.168,21.674,0.12542,NA,NA,NA,1,88.106,0.0438,1,77.155,0.05284,NA,NA,NA,0.6846971,25.0676,0.2404113,"2"
19.833,1,163.64,0.0369,-0.6,58.0833,0.14119,-1.167,21.695,0.12538,NA,NA,NA,1,88.13,0.0438,1,77.157,0.05284,NA,NA,NA,0.6947072,25.08863,0.2409903,"2"
19.917,1,163.64,0.0369,-0.6,58.0936,0.14118,-1.166,21.715,0.12534,NA,NA,NA,1,88.154,0.0438,1,77.159,0.05284,NA,NA,NA,NA,NA,NA,"2"
20,1,163.64,0.0369,-0.601,58.104,0.14117,-1.165,21.735,0.1253,NA,NA,NA,1,88.177,0.0438,1,77.161,0.05284,NA,NA,NA,NA,NA,NA,"2"
20.083,1,163.64,0.0369,-0.601,58.1127,0.14116,-1.163,21.755,0.12527,NA,NA,NA,1,88.201,0.0438,1,77.162,0.05284,NA,NA,NA,NA,NA,NA,"2"
20.167,1,163.64,0.0369,-0.602,58.1217,0.14116,-1.162,21.774,0.12523,NA,NA,NA,1,88.225,0.0438,1,77.164,0.05284,NA,NA,NA,NA,NA,NA,"2"
20.25,1,163.65,0.03689,-0.602,58.129,0.14115,-1.161,21.793,0.12519,NA,NA,NA,1,88.249,0.0438,1,77.166,0.05284,NA,NA,NA,NA,NA,NA,"2"
20.333,1,163.65,0.03689,-0.602,58.136,0.14114,-1.16,21.813,0.12516,NA,NA,NA,1,88.273,0.0438,1,77.168,0.05284,NA,NA,NA,NA,NA,NA,"2"
20.417,1,163.65,0.03689,-0.603,58.1426,0.14114,-1.159,21.832,0.12512,NA,NA,NA,1,88.297,0.0438,1,77.169,0.05284,NA,NA,NA,NA,NA,NA,"2"
20.5,1,163.65,0.03689,-0.603,58.148,0.14113,-1.158,21.851,0.12508,NA,NA,NA,1,88.321,0.0438,1,77.171,0.05284,NA,NA,NA,NA,NA,NA,"2"
20.583,1,163.65,0.03689,-0.603,58.153,0.14113,-1.156,21.87,0.12505,NA,NA,NA,1,88.345,0.0438,1,77.173,0.05284,NA,NA,NA,NA,NA,NA,"2"
20.667,1,163.65,0.03689,-0.604,58.1567,0.14112,-1.155,21.888,0.12501,NA,NA,NA,1,88.371,0.0438,1,77.177,0.05284,NA,NA,NA,NA,NA,NA,"2"
20.75,1,163.65,0.03689,-0.604,58.16,0.14112,-1.154,21.907,0.12498,NA,NA,NA,1,88.403,0.0438,1,77.184,0.05284,NA,NA,NA,NA,NA,NA,"2"
20.833,1,163.65,0.03689,-0.604,58.1619,0.14112,-1.153,21.925,0.12494,NA,NA,NA,1,88.434,0.0438,1,77.191,0.05284,NA,NA,NA,NA,NA,NA,"2"
20.917,1,163.65,0.03689,-0.604,58.163,0.14112,-1.152,21.943,0.1249,NA,NA,NA,1,88.465,0.0438,1,77.199,0.05284,NA,NA,NA,NA,NA,NA,"2"
21,1,163.66,0.03689,-0.604,58.163,0.14112,-1.151,21.961,0.12487,NA,NA,NA,1,88.496,0.0438,1,77.206,0.05284,NA,NA,NA,NA,NA,NA,"2"
21.083,1,163.66,0.03689,-0.604,58.164,0.14112,-1.149,21.979,0.12484,NA,NA,NA,1,88.529,0.0438,1,77.217,0.05284,NA,NA,NA,NA,NA,NA,"2"
21.167,1,163.66,0.03689,-0.604,58.165,0.14111,-1.148,21.997,0.1248,NA,NA,NA,1,88.565,0.0438,1,77.231,0.05284,NA,NA,NA,NA,NA,NA,"2"
21.25,1,163.67,0.03688,-0.604,58.167,0.14111,-1.147,22.015,0.12477,NA,NA,NA,1,88.601,0.0438,1,77.245,0.05284,NA,NA,NA,NA,NA,NA,"2"
21.333,1,163.67,0.03688,-0.604,58.1707,0.14111,-1.146,22.032,0.12473,NA,NA,NA,1,88.637,0.0438,1,77.26,0.05284,NA,NA,NA,NA,NA,NA,"2"
21.417,1,163.68,0.03688,-0.604,58.1738,0.1411,-1.145,22.05,0.1247,NA,NA,NA,1,88.673,0.0438,1,77.274,0.05284,NA,NA,NA,NA,NA,NA,"2"
21.5,1,163.69,0.03687,-0.605,58.178,0.14109,-1.144,22.067,0.12467,NA,NA,NA,1,88.711,0.0438,1,77.292,0.05284,NA,NA,NA,NA,NA,NA,"2"
21.583,1,163.69,0.03687,-0.605,58.1833,0.14109,-1.143,22.085,0.12463,NA,NA,NA,1,88.754,0.0438,1,77.316,0.05284,NA,NA,NA,NA,NA,NA,"2"
21.667,1,163.7,0.03687,-0.605,58.1887,0.14108,-1.142,22.102,0.1246,NA,NA,NA,1,88.797,0.0438,1,77.339,0.05284,NA,NA,NA,NA,NA,NA,"2"
21.75,1,163.71,0.03686,-0.606,58.194,0.14107,-1.14,22.119,0.12456,NA,NA,NA,1,88.839,0.0438,1,77.363,0.05284,NA,NA,NA,NA,NA,NA,"2"
21.833,1,163.72,0.03686,-0.606,58.2003,0.14106,-1.139,22.136,0.12453,NA,NA,NA,1,88.882,0.0438,1,77.386,0.05284,NA,NA,NA,NA,NA,NA,"2"
21.917,1,163.73,0.03685,-0.606,58.2066,0.14105,-1.138,22.153,0.1245,NA,NA,NA,1,88.925,0.0438,1,77.41,0.05284,NA,NA,NA,NA,NA,NA,"2"
22,1,163.73,0.03685,-0.607,58.213,0.14104,-1.137,22.17,0.12447,NA,NA,NA,1,88.967,0.0438,1,77.434,0.05284,NA,NA,NA,NA,NA,NA,"2"
22.083,1,163.74,0.03684,-0.607,58.22,0.14104,-1.136,22.187,0.12443,NA,NA,NA,1,89.01,0.0438,1,77.457,0.05284,NA,NA,NA,NA,NA,NA,"2"
22.167,1,163.75,0.03684,-0.607,58.2267,0.14103,-1.135,22.203,0.1244,NA,NA,NA,1,89.052,0.0438,1,77.481,0.05284,NA,NA,NA,NA,NA,NA,"2"
22.25,1,163.76,0.03683,-0.608,58.233,0.14102,-1.134,22.22,0.12437,NA,NA,NA,1,89.096,0.0438,1,77.506,0.05284,NA,NA,NA,NA,NA,NA,"2"
22.333,1,163.77,0.03683,-0.608,58.2401,0.14101,-1.133,22.237,0.12434,NA,NA,NA,1,89.146,0.0438,1,77.537,0.05284,NA,NA,NA,NA,NA,NA,"2"
22.417,1,163.78,0.03682,-0.608,58.2476,0.141,-1.132,22.254,0.1243,NA,NA,NA,1,89.196,0.0438,1,77.569,0.05284,NA,NA,NA,NA,NA,NA,"2"
22.5,1,163.78,0.03682,-0.609,58.2546,0.14099,-1.131,22.271,0.12427,NA,NA,NA,1,89.247,0.0438,1,77.6,0.05284,NA,NA,NA,NA,NA,NA,"2"
22.583,1,163.79,0.03682,-0.609,58.262,0.14098,-1.13,22.287,0.12424,NA,NA,NA,1,89.297,0.0438,1,77.632,0.05284,NA,NA,NA,NA,NA,NA,"2"
22.667,1,163.8,0.03681,-0.61,58.269,0.14096,-1.129,22.303,0.12421,NA,NA,NA,1,89.347,0.0438,1,77.663,0.05284,NA,NA,NA,NA,NA,NA,"2"
22.75,1,163.8,0.03681,-0.61,58.277,0.14095,-1.127,22.319,0.12418,NA,NA,NA,1,89.399,0.0438,1,77.697,0.05284,NA,NA,NA,NA,NA,NA,"2"
22.833,1,163.81,0.03681,-0.61,58.284,0.14094,-1.126,22.336,0.12414,NA,NA,NA,1,89.456,0.0438,1,77.735,0.05284,NA,NA,NA,NA,NA,NA,"2"
22.917,1,163.82,0.0368,-0.611,58.2917,0.14093,-1.125,22.352,0.12411,NA,NA,NA,1,89.513,0.0438,1,77.773,0.05284,NA,NA,NA,NA,NA,NA,"2"
23,1,163.82,0.0368,-0.611,58.297,0.14093,-1.125,22.364,0.12409,NA,NA,NA,1,89.57,0.0438,1,77.811,0.05284,NA,NA,NA,NA,NA,NA,"2"
